{
    "density": 1.127e+00,
    "name": "A-150 Tissue-Equivalent Plastic",
    "type-id": 30,
    "parameters": {
        "data": [
            [ 1.00000e+00, 2.259e+03 ],
            [ 1.50000e+00, 7.282e+02 ],
            [ 2.00000e+00, 3.183e+02 ],
            [ 3.00000e+00, 9.652e+01 ],
            [ 4.00000e+00, 4.081e+01 ],
            [ 4.03809e+00, 3.966e+01 ],
            [ 4.03810e+00, 5.629e+01 ],
            [ 5.00000e+00, 3.069e+01 ],
            [ 6.00000e+00, 1.813e+01 ],
            [ 8.00000e+00, 7.914e+00 ],
            [ 1.00000e+01, 4.186e+00 ],
            [ 1.50000e+01, 1.394e+00 ],
            [ 2.00000e+01, 7.068e-01 ],
            [ 3.00000e+01, 3.481e-01 ],
            [ 4.00000e+01, 2.562e-01 ],
            [ 5.00000e+01, 2.198e-01 ],
            [ 6.00000e+01, 2.008e-01 ],
            [ 8.00000e+01, 1.803e-01 ],
            [ 1.00000e+02, 1.680e-01 ],
            [ 1.50000e+02, 1.485e-01 ],
            [ 2.00000e+02, 1.353e-01 ],
            [ 3.00000e+02, 1.173e-01 ],
            [ 4.00000e+02, 1.049e-01 ],
            [ 5.00000e+02, 9.579e-02 ],
            [ 6.00000e+02, 8.857e-02 ],
            [ 8.00000e+02, 7.777e-02 ],
            [ 1.00000e+03, 6.992e-02 ],
            [ 1.25000e+03, 6.253e-02 ],
            [ 1.50000e+03, 5.691e-02 ],
            [ 2.00000e+03, 4.880e-02 ],
            [ 3.00000e+03, 3.907e-02 ],
            [ 4.00000e+03, 3.335e-02 ],
            [ 5.00000e+03, 2.958e-02 ],
            [ 6.00000e+03, 2.690e-02 ],
            [ 8.00000e+03, 2.338e-02 ],
            [ 1.00000e+04, 2.117e-02 ],
            [ 1.50000e+04, 1.819e-02 ],
            [ 2.00000e+04, 1.675e-02 ]
        ]
    }
}
