{
    "density": 9.500e-01,
    "name": "Adipose Tissue (ICRU-44)",
    "type-id": 30,
    "parameters": {
        "data": [
            [ 1.00000e+00, 2.628e+03 ],
            [ 1.03542e+00, 2.392e+03 ],
            [ 1.07209e+00, 2.176e+03 ],
            [ 1.07210e+00, 2.182e+03 ],
            [ 1.50000e+00, 8.622e+02 ],
            [ 2.00000e+00, 3.800e+02 ],
            [ 2.47199e+00, 2.053e+02 ],
            [ 2.47200e+00, 2.072e+02 ],
            [ 2.64140e+00, 1.707e+02 ],
            [ 2.82239e+00, 1.405e+02 ],
            [ 2.82240e+00, 1.420e+02 ],
            [ 3.00000e+00, 1.188e+02 ],
            [ 4.00000e+00, 5.054e+01 ],
            [ 5.00000e+00, 2.587e+01 ],
            [ 6.00000e+00, 1.494e+01 ],
            [ 8.00000e+00, 6.300e+00 ],
            [ 1.00000e+01, 3.268e+00 ],
            [ 1.50000e+01, 1.083e+00 ],
            [ 2.00000e+01, 5.677e-01 ],
            [ 3.00000e+01, 3.063e-01 ],
            [ 4.00000e+01, 2.396e-01 ],
            [ 5.00000e+01, 2.123e-01 ],
            [ 6.00000e+01, 1.974e-01 ],
            [ 8.00000e+01, 1.800e-01 ],
            [ 1.00000e+02, 1.688e-01 ],
            [ 1.50000e+02, 1.500e-01 ],
            [ 2.00000e+02, 1.368e-01 ],
            [ 3.00000e+02, 1.187e-01 ],
            [ 4.00000e+02, 1.062e-01 ],
            [ 5.00000e+02, 9.696e-02 ],
            [ 6.00000e+02, 8.965e-02 ],
            [ 8.00000e+02, 7.873e-02 ],
            [ 1.00000e+03, 7.078e-02 ],
            [ 1.25000e+03, 6.330e-02 ],
            [ 1.50000e+03, 5.760e-02 ],
            [ 2.00000e+03, 4.940e-02 ],
            [ 3.00000e+03, 3.955e-02 ],
            [ 4.00000e+03, 3.377e-02 ],
            [ 5.00000e+03, 2.995e-02 ],
            [ 6.00000e+03, 2.725e-02 ],
            [ 8.00000e+03, 2.368e-02 ],
            [ 1.00000e+04, 2.145e-02 ],
            [ 1.50000e+04, 1.843e-02 ],
            [ 2.00000e+04, 1.698e-02 ]
        ]
    }
}
