{
    "density": 1.205e-03,
    "name": "Air, Dry (near sea level)",
    "type-id": 30,
    "parameters": {
        "data": [
            [ 1.00000e+00, 3.606e+03 ],
            [ 1.50000e+00, 1.191e+03 ],
            [ 2.00000e+00, 5.279e+02 ],
            [ 3.00000e+00, 1.625e+02 ],
            [ 3.20289e+00, 1.340e+02 ],
            [ 3.20290e+00, 1.485e+02 ],
            [ 4.00000e+00, 7.788e+01 ],
            [ 5.00000e+00, 4.027e+01 ],
            [ 6.00000e+00, 2.341e+01 ],
            [ 8.00000e+00, 9.921e+00 ],
            [ 1.00000e+01, 5.120e+00 ],
            [ 1.50000e+01, 1.614e+00 ],
            [ 2.00000e+01, 7.779e-01 ],
            [ 3.00000e+01, 3.538e-01 ],
            [ 4.00000e+01, 2.485e-01 ],
            [ 5.00000e+01, 2.080e-01 ],
            [ 6.00000e+01, 1.875e-01 ],
            [ 8.00000e+01, 1.662e-01 ],
            [ 1.00000e+02, 1.541e-01 ],
            [ 1.50000e+02, 1.356e-01 ],
            [ 2.00000e+02, 1.233e-01 ],
            [ 3.00000e+02, 1.067e-01 ],
            [ 4.00000e+02, 9.549e-02 ],
            [ 5.00000e+02, 8.712e-02 ],
            [ 6.00000e+02, 8.055e-02 ],
            [ 8.00000e+02, 7.074e-02 ],
            [ 1.00000e+03, 6.358e-02 ],
            [ 1.25000e+03, 5.687e-02 ],
            [ 1.50000e+03, 5.175e-02 ],
            [ 2.00000e+03, 4.447e-02 ],
            [ 3.00000e+03, 3.581e-02 ],
            [ 4.00000e+03, 3.079e-02 ],
            [ 5.00000e+03, 2.751e-02 ],
            [ 6.00000e+03, 2.522e-02 ],
            [ 8.00000e+03, 2.225e-02 ],
            [ 1.00000e+04, 2.045e-02 ],
            [ 1.50000e+04, 1.810e-02 ],
            [ 2.00000e+04, 1.705e-02 ]
        ]
    }
}
