{
    "density": 1.424e+00,
    "name": "Alanine",
    "type-id": 30,
    "parameters": {
        "data": [
            [ 1.00000e+00, 3.064e+03 ],
            [ 1.50000e+00, 1.010e+03 ],
            [ 2.00000e+00, 4.470e+02 ],
            [ 3.00000e+00, 1.374e+02 ],
            [ 4.00000e+00, 5.847e+01 ],
            [ 5.00000e+00, 2.991e+01 ],
            [ 6.00000e+00, 1.725e+01 ],
            [ 8.00000e+00, 7.248e+00 ],
            [ 1.00000e+01, 3.738e+00 ],
            [ 1.50000e+01, 1.210e+00 ],
            [ 2.00000e+01, 6.158e-01 ],
            [ 3.00000e+01, 3.158e-01 ],
            [ 4.00000e+01, 2.402e-01 ],
            [ 5.00000e+01, 2.099e-01 ],
            [ 6.00000e+01, 1.938e-01 ],
            [ 8.00000e+01, 1.756e-01 ],
            [ 1.00000e+02, 1.643e-01 ],
            [ 1.50000e+02, 1.456e-01 ],
            [ 2.00000e+02, 1.328e-01 ],
            [ 3.00000e+02, 1.151e-01 ],
            [ 4.00000e+02, 1.030e-01 ],
            [ 5.00000e+02, 9.400e-02 ],
            [ 6.00000e+02, 8.691e-02 ],
            [ 8.00000e+02, 7.632e-02 ],
            [ 1.00000e+03, 6.862e-02 ],
            [ 1.25000e+03, 6.137e-02 ],
            [ 1.50000e+03, 5.584e-02 ],
            [ 2.00000e+03, 4.792e-02 ],
            [ 3.00000e+03, 3.843e-02 ],
            [ 4.00000e+03, 3.289e-02 ],
            [ 5.00000e+03, 2.924e-02 ],
            [ 6.00000e+03, 2.666e-02 ],
            [ 8.00000e+03, 2.328e-02 ],
            [ 1.00000e+04, 2.119e-02 ],
            [ 1.50000e+04, 1.838e-02 ],
            [ 2.00000e+04, 1.706e-02 ]
        ]
    }
}
