{
    "density": 1.450e+00,
    "name": "B-100 Bone-Equivalent Plastic",
    "type-id": 30,
    "parameters": {
        "data": [
            [ 1.00000e+00, 3.211e+03 ],
            [ 1.50000e+00, 1.083e+03 ],
            [ 2.00000e+00, 4.878e+02 ],
            [ 3.00000e+00, 1.542e+02 ],
            [ 4.00000e+00, 6.717e+01 ],
            [ 4.03809e+00, 6.535e+01 ],
            [ 4.03810e+00, 2.251e+02 ],
            [ 5.00000e+00, 1.298e+02 ],
            [ 6.00000e+00, 7.942e+01 ],
            [ 8.00000e+00, 3.619e+01 ],
            [ 1.00000e+01, 1.944e+01 ],
            [ 1.50000e+01, 6.222e+00 ],
            [ 2.00000e+01, 2.798e+00 ],
            [ 3.00000e+01, 9.752e-01 ],
            [ 4.00000e+01, 5.179e-01 ],
            [ 5.00000e+01, 3.506e-01 ],
            [ 6.00000e+01, 2.738e-01 ],
            [ 8.00000e+01, 2.076e-01 ],
            [ 1.00000e+02, 1.793e-01 ],
            [ 1.50000e+02, 1.482e-01 ],
            [ 2.00000e+02, 1.325e-01 ],
            [ 3.00000e+02, 1.135e-01 ],
            [ 4.00000e+02, 1.012e-01 ],
            [ 5.00000e+02, 9.227e-02 ],
            [ 6.00000e+02, 8.525e-02 ],
            [ 8.00000e+02, 7.481e-02 ],
            [ 1.00000e+03, 6.723e-02 ],
            [ 1.25000e+03, 6.012e-02 ],
            [ 1.50000e+03, 5.473e-02 ],
            [ 2.00000e+03, 4.705e-02 ],
            [ 3.00000e+03, 3.799e-02 ],
            [ 4.00000e+03, 3.277e-02 ],
            [ 5.00000e+03, 2.938e-02 ],
            [ 6.00000e+03, 2.703e-02 ],
            [ 8.00000e+03, 2.400e-02 ],
            [ 1.00000e+04, 2.218e-02 ],
            [ 1.50000e+04, 1.987e-02 ],
            [ 2.00000e+04, 1.888e-02 ]
        ]
    }
}
