{
    "density": 1.250e+00,
    "name": "Bakelite",
    "type-id": 30,
    "parameters": {
        "data": [
            [ 1.00000e+00, 2.484e+03 ],
            [ 1.50000e+00, 8.027e+02 ],
            [ 2.00000e+00, 3.512e+02 ],
            [ 3.00000e+00, 1.065e+02 ],
            [ 4.00000e+00, 4.494e+01 ],
            [ 5.00000e+00, 2.288e+01 ],
            [ 6.00000e+00, 1.315e+01 ],
            [ 8.00000e+00, 5.521e+00 ],
            [ 1.00000e+01, 2.860e+00 ],
            [ 1.50000e+01, 9.552e-01 ],
            [ 2.00000e+01, 5.089e-01 ],
            [ 3.00000e+01, 2.824e-01 ],
            [ 4.00000e+01, 2.241e-01 ],
            [ 5.00000e+01, 2.000e-01 ],
            [ 6.00000e+01, 1.866e-01 ],
            [ 8.00000e+01, 1.707e-01 ],
            [ 1.00000e+02, 1.602e-01 ],
            [ 1.50000e+02, 1.424e-01 ],
            [ 2.00000e+02, 1.300e-01 ],
            [ 3.00000e+02, 1.127e-01 ],
            [ 4.00000e+02, 1.009e-01 ],
            [ 5.00000e+02, 9.210e-02 ],
            [ 6.00000e+02, 8.516e-02 ],
            [ 8.00000e+02, 7.478e-02 ],
            [ 1.00000e+03, 6.723e-02 ],
            [ 1.25000e+03, 6.013e-02 ],
            [ 1.50000e+03, 5.472e-02 ],
            [ 2.00000e+03, 4.694e-02 ],
            [ 3.00000e+03, 3.761e-02 ],
            [ 4.00000e+03, 3.215e-02 ],
            [ 5.00000e+03, 2.854e-02 ],
            [ 6.00000e+03, 2.599e-02 ],
            [ 8.00000e+03, 2.264e-02 ],
            [ 1.00000e+04, 2.055e-02 ],
            [ 1.50000e+04, 1.775e-02 ],
            [ 2.00000e+04, 1.641e-02 ]
        ]
    }
}
