{
    "density": 1.060e+00,
    "name": "Blood, Whole (ICRU-44)",
    "type-id": 30,
    "parameters": {
        "data": [
            [ 1.00000e+00, 3.806e+03 ],
            [ 1.03542e+00, 3.473e+03 ],
            [ 1.07209e+00, 3.167e+03 ],
            [ 1.07210e+00, 3.173e+03 ],
            [ 1.50000e+00, 1.282e+03 ],
            [ 2.00000e+00, 5.737e+02 ],
            [ 2.14549e+00, 4.700e+02 ],
            [ 2.14550e+00, 4.722e+02 ],
            [ 2.30297e+00, 3.858e+02 ],
            [ 2.47199e+00, 3.149e+02 ],
            [ 2.47200e+00, 3.186e+02 ],
            [ 2.64140e+00, 2.633e+02 ],
            [ 2.82239e+00, 2.175e+02 ],
            [ 2.82240e+00, 2.219e+02 ],
            [ 3.00000e+00, 1.862e+02 ],
            [ 3.60739e+00, 1.088e+02 ],
            [ 3.60740e+00, 1.109e+02 ],
            [ 4.00000e+00, 8.187e+01 ],
            [ 5.00000e+00, 4.232e+01 ],
            [ 6.00000e+00, 2.458e+01 ],
            [ 7.11199e+00, 1.479e+01 ],
            [ 7.11200e+00, 1.514e+01 ],
            [ 8.00000e+00, 1.068e+01 ],
            [ 1.00000e+01, 5.519e+00 ],
            [ 1.50000e+01, 1.744e+00 ],
            [ 2.00000e+01, 8.428e-01 ],
            [ 3.00000e+01, 3.852e-01 ],
            [ 4.00000e+01, 2.715e-01 ],
            [ 5.00000e+01, 2.278e-01 ],
            [ 6.00000e+01, 2.057e-01 ],
            [ 8.00000e+01, 1.827e-01 ],
            [ 1.00000e+02, 1.695e-01 ],
            [ 1.50000e+02, 1.492e-01 ],
            [ 2.00000e+02, 1.358e-01 ],
            [ 3.00000e+02, 1.176e-01 ],
            [ 4.00000e+02, 1.052e-01 ],
            [ 5.00000e+02, 9.598e-02 ],
            [ 6.00000e+02, 8.874e-02 ],
            [ 8.00000e+02, 7.793e-02 ],
            [ 1.00000e+03, 7.007e-02 ],
            [ 1.25000e+03, 6.265e-02 ],
            [ 1.50000e+03, 5.701e-02 ],
            [ 2.00000e+03, 4.896e-02 ],
            [ 3.00000e+03, 3.932e-02 ],
            [ 4.00000e+03, 3.371e-02 ],
            [ 5.00000e+03, 3.002e-02 ],
            [ 6.00000e+03, 2.743e-02 ],
            [ 8.00000e+03, 2.405e-02 ],
            [ 1.00000e+04, 2.196e-02 ],
            [ 1.50000e+04, 1.920e-02 ],
            [ 2.00000e+04, 1.793e-02 ]
        ]
    }
}
