{
    "density": 1.920e+00,
    "name": "Bone, Cortical (ICRU-44)",
    "type-id": 30,
    "parameters": {
        "data": [
            [ 1.00000e+00, 3.781e+03 ],
            [ 1.03542e+00, 3.452e+03 ],
            [ 1.07209e+00, 3.150e+03 ],
            [ 1.07210e+00, 3.156e+03 ],
            [ 1.18283e+00, 2.434e+03 ],
            [ 1.30499e+00, 1.873e+03 ],
            [ 1.30500e+00, 1.883e+03 ],
            [ 1.50000e+00, 1.295e+03 ],
            [ 2.00000e+00, 5.869e+02 ],
            [ 2.14549e+00, 4.824e+02 ],
            [ 2.14550e+00, 7.114e+02 ],
            [ 2.30297e+00, 5.916e+02 ],
            [ 2.47199e+00, 4.907e+02 ],
            [ 2.47200e+00, 4.962e+02 ],
            [ 3.00000e+00, 2.958e+02 ],
            [ 4.00000e+00, 1.331e+02 ],
            [ 4.03809e+00, 1.296e+02 ],
            [ 4.03810e+00, 3.332e+02 ],
            [ 5.00000e+00, 1.917e+02 ],
            [ 6.00000e+00, 1.171e+02 ],
            [ 8.00000e+00, 5.323e+01 ],
            [ 1.00000e+01, 2.851e+01 ],
            [ 1.50000e+01, 9.032e+00 ],
            [ 2.00000e+01, 4.001e+00 ],
            [ 3.00000e+01, 1.331e+00 ],
            [ 4.00000e+01, 6.655e-01 ],
            [ 5.00000e+01, 4.242e-01 ],
            [ 6.00000e+01, 3.148e-01 ],
            [ 8.00000e+01, 2.229e-01 ],
            [ 1.00000e+02, 1.855e-01 ],
            [ 1.50000e+02, 1.480e-01 ],
            [ 2.00000e+02, 1.309e-01 ],
            [ 3.00000e+02, 1.113e-01 ],
            [ 4.00000e+02, 9.908e-02 ],
            [ 5.00000e+02, 9.022e-02 ],
            [ 6.00000e+02, 8.332e-02 ],
            [ 8.00000e+02, 7.308e-02 ],
            [ 1.00000e+03, 6.566e-02 ],
            [ 1.25000e+03, 5.871e-02 ],
            [ 1.50000e+03, 5.346e-02 ],
            [ 2.00000e+03, 4.607e-02 ],
            [ 3.00000e+03, 3.745e-02 ],
            [ 4.00000e+03, 3.257e-02 ],
            [ 5.00000e+03, 2.946e-02 ],
            [ 6.00000e+03, 2.734e-02 ],
            [ 8.00000e+03, 2.467e-02 ],
            [ 1.00000e+04, 2.314e-02 ],
            [ 1.50000e+04, 2.132e-02 ],
            [ 2.00000e+04, 2.068e-02 ]
        ]
    }
}
