{
    "density": 1.040e+00,
    "name": "Brain, Grey/White Matter (ICRU-44)",
    "type-id": 30,
    "parameters": {
        "data": [
            [ 1.00000e+00, 3.697e+03 ],
            [ 1.03542e+00, 3.373e+03 ],
            [ 1.07209e+00, 3.075e+03 ],
            [ 1.07210e+00, 3.087e+03 ],
            [ 1.50000e+00, 1.246e+03 ],
            [ 2.00000e+00, 5.576e+02 ],
            [ 2.14549e+00, 4.567e+02 ],
            [ 2.14550e+00, 4.656e+02 ],
            [ 2.30297e+00, 3.806e+02 ],
            [ 2.47199e+00, 3.108e+02 ],
            [ 2.47200e+00, 3.145e+02 ],
            [ 2.64140e+00, 2.601e+02 ],
            [ 2.82239e+00, 2.149e+02 ],
            [ 2.82240e+00, 2.193e+02 ],
            [ 3.00000e+00, 1.842e+02 ],
            [ 3.60739e+00, 1.077e+02 ],
            [ 3.60740e+00, 1.109e+02 ],
            [ 4.00000e+00, 8.191e+01 ],
            [ 5.00000e+00, 4.242e+01 ],
            [ 6.00000e+00, 2.468e+01 ],
            [ 8.00000e+00, 1.047e+01 ],
            [ 1.00000e+01, 5.410e+00 ],
            [ 1.50000e+01, 1.710e+00 ],
            [ 2.00000e+01, 8.281e-01 ],
            [ 3.00000e+01, 3.811e-01 ],
            [ 4.00000e+01, 2.702e-01 ],
            [ 5.00000e+01, 2.275e-01 ],
            [ 6.00000e+01, 2.058e-01 ],
            [ 8.00000e+01, 1.831e-01 ],
            [ 1.00000e+02, 1.701e-01 ],
            [ 1.50000e+02, 1.498e-01 ],
            [ 2.00000e+02, 1.364e-01 ],
            [ 3.00000e+02, 1.181e-01 ],
            [ 4.00000e+02, 1.056e-01 ],
            [ 5.00000e+02, 9.640e-02 ],
            [ 6.00000e+02, 8.913e-02 ],
            [ 8.00000e+02, 7.827e-02 ],
            [ 1.00000e+03, 7.037e-02 ],
            [ 1.25000e+03, 6.293e-02 ],
            [ 1.50000e+03, 5.726e-02 ],
            [ 2.00000e+03, 4.917e-02 ],
            [ 3.00000e+03, 3.947e-02 ],
            [ 4.00000e+03, 3.383e-02 ],
            [ 5.00000e+03, 3.012e-02 ],
            [ 6.00000e+03, 2.751e-02 ],
            [ 8.00000e+03, 2.409e-02 ],
            [ 1.00000e+04, 2.199e-02 ],
            [ 1.50000e+04, 1.920e-02 ],
            [ 2.00000e+04, 1.790e-02 ]
        ]
    }
}
