{
    "density": 1.020e+00,
    "name": "Breast Tissue (ICRU-44)",
    "type-id": 30,
    "parameters": {
        "data": [
            [ 1.00000e+00, 3.263e+03 ],
            [ 1.03542e+00, 2.975e+03 ],
            [ 1.07209e+00, 2.710e+03 ],
            [ 1.07210e+00, 2.716e+03 ],
            [ 1.50000e+00, 1.088e+03 ],
            [ 2.00000e+00, 4.842e+02 ],
            [ 2.14549e+00, 3.961e+02 ],
            [ 2.14550e+00, 3.983e+02 ],
            [ 2.30297e+00, 3.250e+02 ],
            [ 2.47199e+00, 2.649e+02 ],
            [ 2.47200e+00, 2.686e+02 ],
            [ 2.64140e+00, 2.221e+02 ],
            [ 2.82239e+00, 1.831e+02 ],
            [ 2.82240e+00, 1.845e+02 ],
            [ 3.00000e+00, 1.546e+02 ],
            [ 4.00000e+00, 6.625e+01 ],
            [ 5.00000e+00, 3.407e+01 ],
            [ 6.00000e+00, 1.972e+01 ],
            [ 8.00000e+00, 8.320e+00 ],
            [ 1.00000e+01, 4.295e+00 ],
            [ 1.50000e+01, 1.378e+00 ],
            [ 2.00000e+01, 6.889e-01 ],
            [ 3.00000e+01, 3.403e-01 ],
            [ 4.00000e+01, 2.530e-01 ],
            [ 5.00000e+01, 2.186e-01 ],
            [ 6.00000e+01, 2.006e-01 ],
            [ 8.00000e+01, 1.808e-01 ],
            [ 1.00000e+02, 1.688e-01 ],
            [ 1.50000e+02, 1.493e-01 ],
            [ 2.00000e+02, 1.361e-01 ],
            [ 3.00000e+02, 1.179e-01 ],
            [ 4.00000e+02, 1.055e-01 ],
            [ 5.00000e+02, 9.631e-02 ],
            [ 6.00000e+02, 8.904e-02 ],
            [ 8.00000e+02, 7.820e-02 ],
            [ 1.00000e+03, 7.031e-02 ],
            [ 1.25000e+03, 6.287e-02 ],
            [ 1.50000e+03, 5.721e-02 ],
            [ 2.00000e+03, 4.910e-02 ],
            [ 3.00000e+03, 3.937e-02 ],
            [ 4.00000e+03, 3.369e-02 ],
            [ 5.00000e+03, 2.995e-02 ],
            [ 6.00000e+03, 2.731e-02 ],
            [ 8.00000e+03, 2.384e-02 ],
            [ 1.00000e+04, 2.169e-02 ],
            [ 1.50000e+04, 1.882e-02 ],
            [ 2.00000e+04, 1.746e-02 ]
        ]
    }
}
