{
    "density": 1.760e+00,
    "name": "C-552 Air-equivalent Plastic",
    "type-id": 30,
    "parameters": {
        "data": [
            [ 1.00000e+00, 3.764e+03 ],
            [ 1.50000e+00, 1.281e+03 ],
            [ 1.83889e+00, 7.300e+02 ],
            [ 1.83890e+00, 7.415e+02 ],
            [ 2.00000e+00, 5.868e+02 ],
            [ 3.00000e+00, 1.845e+02 ],
            [ 4.00000e+00, 7.961e+01 ],
            [ 5.00000e+00, 4.110e+01 ],
            [ 6.00000e+00, 2.384e+01 ],
            [ 8.00000e+00, 1.007e+01 ],
            [ 1.00000e+01, 5.179e+00 ],
            [ 1.50000e+01, 1.623e+00 ],
            [ 2.00000e+01, 7.794e-01 ],
            [ 3.00000e+01, 3.535e-01 ],
            [ 4.00000e+01, 2.482e-01 ],
            [ 5.00000e+01, 2.078e-01 ],
            [ 6.00000e+01, 1.874e-01 ],
            [ 8.00000e+01, 1.663e-01 ],
            [ 1.00000e+02, 1.542e-01 ],
            [ 1.50000e+02, 1.357e-01 ],
            [ 2.00000e+02, 1.234e-01 ],
            [ 3.00000e+02, 1.068e-01 ],
            [ 4.00000e+02, 9.558e-02 ],
            [ 5.00000e+02, 8.722e-02 ],
            [ 6.00000e+02, 8.064e-02 ],
            [ 8.00000e+02, 7.081e-02 ],
            [ 1.00000e+03, 6.365e-02 ],
            [ 1.25000e+03, 5.693e-02 ],
            [ 1.50000e+03, 5.182e-02 ],
            [ 2.00000e+03, 4.450e-02 ],
            [ 3.00000e+03, 3.581e-02 ],
            [ 4.00000e+03, 3.076e-02 ],
            [ 5.00000e+03, 2.746e-02 ],
            [ 6.00000e+03, 2.515e-02 ],
            [ 8.00000e+03, 2.215e-02 ],
            [ 1.00000e+04, 2.031e-02 ],
            [ 1.50000e+04, 1.791e-02 ],
            [ 2.00000e+04, 1.683e-02 ]
        ]
    }
}
