{
    "density": 2.960e+00,
    "name": "Calcium Sulfate",
    "type-id": 30,
    "parameters": {
        "data": [
            [ 1.00000e+00, 4.163e+03 ],
            [ 1.50000e+00, 1.429e+03 ],
            [ 2.00000e+00, 6.529e+02 ],
            [ 2.47199e+00, 3.627e+02 ],
            [ 2.47200e+00, 7.993e+02 ],
            [ 3.00000e+00, 4.961e+02 ],
            [ 4.00000e+00, 2.289e+02 ],
            [ 4.03809e+00, 2.231e+02 ],
            [ 4.03810e+00, 4.895e+02 ],
            [ 5.00000e+00, 2.820e+02 ],
            [ 6.00000e+00, 1.727e+02 ],
            [ 8.00000e+00, 7.858e+01 ],
            [ 1.00000e+01, 4.210e+01 ],
            [ 1.50000e+01, 1.329e+01 ],
            [ 2.00000e+01, 5.831e+00 ],
            [ 3.00000e+01, 1.876e+00 ],
            [ 4.00000e+01, 8.928e-01 ],
            [ 5.00000e+01, 5.381e-01 ],
            [ 6.00000e+01, 3.788e-01 ],
            [ 8.00000e+01, 2.474e-01 ],
            [ 1.00000e+02, 1.962e-01 ],
            [ 1.50000e+02, 1.487e-01 ],
            [ 2.00000e+02, 1.293e-01 ],
            [ 3.00000e+02, 1.088e-01 ],
            [ 4.00000e+02, 9.653e-02 ],
            [ 5.00000e+02, 8.777e-02 ],
            [ 6.00000e+02, 8.100e-02 ],
            [ 8.00000e+02, 7.100e-02 ],
            [ 1.00000e+03, 6.377e-02 ],
            [ 1.25000e+03, 5.701e-02 ],
            [ 1.50000e+03, 5.193e-02 ],
            [ 2.00000e+03, 4.488e-02 ],
            [ 3.00000e+03, 3.679e-02 ],
            [ 4.00000e+03, 3.232e-02 ],
            [ 5.00000e+03, 2.954e-02 ],
            [ 6.00000e+03, 2.770e-02 ],
            [ 8.00000e+03, 2.547e-02 ],
            [ 1.00000e+04, 2.428e-02 ],
            [ 1.50000e+04, 2.305e-02 ],
            [ 2.00000e+04, 2.282e-02 ]
        ]
    }
}
