{
    "density": 1.030e+00,
    "name": "15 mmol L^-1 Ceric Ammonium Sulfate Solution",
    "type-id": 30,
    "parameters": {
        "data": [
            [ 1.00000e+00, 4.075e+03 ],
            [ 1.08876e+00, 3.259e+03 ],
            [ 1.18539e+00, 2.600e+03 ],
            [ 1.18540e+00, 2.602e+03 ],
            [ 1.22832e+00, 2.366e+03 ],
            [ 1.27279e+00, 2.150e+03 ],
            [ 1.27280e+00, 2.151e+03 ],
            [ 1.35222e+00, 1.827e+03 ],
            [ 1.43659e+00, 1.551e+03 ],
            [ 1.43660e+00, 1.551e+03 ],
            [ 1.50000e+00, 1.379e+03 ],
            [ 2.00000e+00, 6.195e+02 ],
            [ 2.47199e+00, 3.391e+02 ],
            [ 2.47200e+00, 3.655e+02 ],
            [ 3.00000e+00, 2.113e+02 ],
            [ 4.00000e+00, 9.165e+01 ],
            [ 5.00000e+00, 4.753e+01 ],
            [ 5.72339e+00, 3.184e+01 ],
            [ 5.72340e+00, 3.256e+01 ],
            [ 6.00000e+00, 2.832e+01 ],
            [ 6.16419e+00, 2.613e+01 ],
            [ 6.16420e+00, 2.647e+01 ],
            [ 6.35359e+00, 2.464e+01 ],
            [ 6.54879e+00, 2.213e+01 ],
            [ 6.54880e+00, 2.229e+01 ],
            [ 8.00000e+00, 1.234e+01 ],
            [ 1.00000e+01, 6.394e+00 ],
            [ 1.50000e+01, 2.015e+00 ],
            [ 2.00000e+01, 9.608e-01 ],
            [ 3.00000e+01, 4.224e-01 ],
            [ 4.00000e+01, 2.884e-01 ],
            [ 4.04429e+01, 2.851e-01 ],
            [ 4.04430e+01, 3.285e-01 ],
            [ 5.00000e+01, 2.623e-01 ],
            [ 6.00000e+01, 2.272e-01 ],
            [ 8.00000e+01, 1.930e-01 ],
            [ 1.00000e+02, 1.755e-01 ],
            [ 1.50000e+02, 1.517e-01 ],
            [ 2.00000e+02, 1.373e-01 ],
            [ 3.00000e+02, 1.184e-01 ],
            [ 4.00000e+02, 1.058e-01 ],
            [ 5.00000e+02, 9.655e-02 ],
            [ 6.00000e+02, 8.925e-02 ],
            [ 8.00000e+02, 7.836e-02 ],
            [ 1.00000e+03, 7.045e-02 ],
            [ 1.25000e+03, 6.299e-02 ],
            [ 1.50000e+03, 5.732e-02 ],
            [ 2.00000e+03, 4.924e-02 ],
            [ 3.00000e+03, 3.957e-02 ],
            [ 4.00000e+03, 3.395e-02 ],
            [ 5.00000e+03, 3.027e-02 ],
            [ 6.00000e+03, 2.769e-02 ],
            [ 8.00000e+03, 2.432e-02 ],
            [ 1.00000e+04, 2.226e-02 ],
            [ 1.50000e+04, 1.953e-02 ],
            [ 2.00000e+04, 1.829e-02 ]
        ]
    }
}
