{
    "density": 4.510e+00,
    "name": "Cesium Iodide",
    "type-id": 30,
    "parameters": {
        "data": [
            [ 1.00000e+00, 9.234e+03 ],
            [ 1.03199e+00, 8.653e+03 ],
            [ 1.06499e+00, 8.098e+03 ],
            [ 1.06500e+00, 8.339e+03 ],
            [ 1.06854e+00, 8.281e+03 ],
            [ 1.07209e+00, 8.224e+03 ],
            [ 1.07210e+00, 8.387e+03 ],
            [ 1.14230e+00, 7.344e+03 ],
            [ 1.21709e+00, 6.413e+03 ],
            [ 1.21710e+00, 6.569e+03 ],
            [ 1.50000e+00, 4.132e+03 ],
            [ 2.00000e+00, 2.114e+03 ],
            [ 3.00000e+00, 7.880e+02 ],
            [ 4.00000e+00, 3.836e+02 ],
            [ 4.55709e+00, 2.752e+02 ],
            [ 4.55710e+00, 5.174e+02 ],
            [ 4.70229e+00, 4.851e+02 ],
            [ 4.85209e+00, 4.510e+02 ],
            [ 4.85210e+00, 5.637e+02 ],
            [ 5.00000e+00, 5.296e+02 ],
            [ 5.01189e+00, 5.268e+02 ],
            [ 5.01190e+00, 7.511e+02 ],
            [ 5.09924e+00, 7.193e+02 ],
            [ 5.18809e+00, 6.881e+02 ],
            [ 5.18810e+00, 7.453e+02 ],
            [ 5.27305e+00, 7.196e+02 ],
            [ 5.35939e+00, 6.875e+02 ],
            [ 5.35940e+00, 7.923e+02 ],
            [ 5.53401e+00, 7.323e+02 ],
            [ 5.71429e+00, 6.761e+02 ],
            [ 5.71430e+00, 7.268e+02 ],
            [ 6.00000e+00, 6.448e+02 ],
            [ 8.00000e+00, 3.071e+02 ],
            [ 1.00000e+01, 1.711e+02 ],
            [ 1.50000e+01, 5.815e+01 ],
            [ 2.00000e+01, 2.686e+01 ],
            [ 3.00000e+01, 9.045e+00 ],
            [ 3.31693e+01, 6.923e+00 ],
            [ 3.31694e+01, 2.122e+01 ],
            [ 3.45483e+01, 2.687e+01 ],
            [ 3.59845e+01, 1.719e+01 ],
            [ 3.59846e+01, 3.027e+01 ],
            [ 4.00000e+01, 2.297e+01 ],
            [ 5.00000e+01, 1.287e+01 ],
            [ 6.00000e+01, 7.921e+00 ],
            [ 8.00000e+01, 3.677e+00 ],
            [ 1.00000e+02, 2.035e+00 ],
            [ 1.50000e+02, 7.290e-01 ],
            [ 2.00000e+02, 3.805e-01 ],
            [ 3.00000e+02, 1.818e-01 ],
            [ 4.00000e+02, 1.237e-01 ],
            [ 5.00000e+02, 9.809e-02 ],
            [ 6.00000e+02, 8.373e-02 ],
            [ 8.00000e+02, 6.769e-02 ],
            [ 1.00000e+03, 5.848e-02 ],
            [ 1.25000e+03, 5.110e-02 ],
            [ 1.50000e+03, 4.644e-02 ],
            [ 2.00000e+03, 4.123e-02 ],
            [ 3.00000e+03, 3.721e-02 ],
            [ 4.00000e+03, 3.616e-02 ],
            [ 5.00000e+03, 3.622e-02 ],
            [ 6.00000e+03, 3.673e-02 ],
            [ 8.00000e+03, 3.838e-02 ],
            [ 1.00000e+04, 4.030e-02 ],
            [ 1.50000e+04, 4.492e-02 ],
            [ 2.00000e+04, 4.867e-02 ]
        ]
    }
}
