{
    "density": 2.300e+00,
    "name": "Concrete, Ordinary",
    "type-id": 30,
    "parameters": {
        "data": [
            [ 1.00000e+00, 3.466e+03 ],
            [ 1.03542e+00, 3.164e+03 ],
            [ 1.07209e+00, 2.889e+03 ],
            [ 1.07210e+00, 2.978e+03 ],
            [ 1.18283e+00, 2.302e+03 ],
            [ 1.30499e+00, 1.775e+03 ],
            [ 1.30500e+00, 1.781e+03 ],
            [ 1.50000e+00, 1.227e+03 ],
            [ 1.55959e+00, 1.104e+03 ],
            [ 1.55960e+00, 1.176e+03 ],
            [ 1.69350e+00, 9.419e+02 ],
            [ 1.83889e+00, 7.525e+02 ],
            [ 1.83890e+00, 1.631e+03 ],
            [ 2.00000e+00, 1.368e+03 ],
            [ 3.00000e+00, 4.646e+02 ],
            [ 3.60739e+00, 2.804e+02 ],
            [ 3.60740e+00, 2.911e+02 ],
            [ 4.00000e+00, 2.188e+02 ],
            [ 4.03809e+00, 2.131e+02 ],
            [ 4.03810e+00, 2.520e+02 ],
            [ 5.00000e+00, 1.401e+02 ],
            [ 6.00000e+00, 8.401e+01 ],
            [ 7.11199e+00, 5.187e+01 ],
            [ 7.11200e+00, 5.415e+01 ],
            [ 8.00000e+00, 3.878e+01 ],
            [ 1.00000e+01, 2.045e+01 ],
            [ 1.50000e+01, 6.351e+00 ],
            [ 2.00000e+01, 2.806e+00 ],
            [ 3.00000e+01, 9.601e-01 ],
            [ 4.00000e+01, 5.058e-01 ],
            [ 5.00000e+01, 3.412e-01 ],
            [ 6.00000e+01, 2.660e-01 ],
            [ 8.00000e+01, 2.014e-01 ],
            [ 1.00000e+02, 1.738e-01 ],
            [ 1.50000e+02, 1.436e-01 ],
            [ 2.00000e+02, 1.282e-01 ],
            [ 3.00000e+02, 1.097e-01 ],
            [ 4.00000e+02, 9.783e-02 ],
            [ 5.00000e+02, 8.915e-02 ],
            [ 6.00000e+02, 8.236e-02 ],
            [ 8.00000e+02, 7.227e-02 ],
            [ 1.00000e+03, 6.495e-02 ],
            [ 1.25000e+03, 5.807e-02 ],
            [ 1.50000e+03, 5.288e-02 ],
            [ 2.00000e+03, 4.557e-02 ],
            [ 3.00000e+03, 3.701e-02 ],
            [ 4.00000e+03, 3.217e-02 ],
            [ 5.00000e+03, 2.908e-02 ],
            [ 6.00000e+03, 2.697e-02 ],
            [ 8.00000e+03, 2.432e-02 ],
            [ 1.00000e+04, 2.278e-02 ],
            [ 1.50000e+04, 2.096e-02 ],
            [ 2.00000e+04, 2.030e-02 ]
        ]
    }
}
