{
    "density": 3.350e+00,
    "name": "Concrete, Barite (Type BA)",
    "type-id": 30,
    "parameters": {
        "data": [
            [ 1.00000e+00, 6.349e+03 ],
            [ 1.03063e+00, 5.916e+03 ],
            [ 1.06219e+00, 5.507e+03 ],
            [ 1.06220e+00, 6.009e+03 ],
            [ 1.09882e+00, 5.563e+03 ],
            [ 1.13669e+00, 5.150e+03 ],
            [ 1.13670e+00, 5.350e+03 ],
            [ 1.21224e+00, 4.632e+03 ],
            [ 1.29279e+00, 4.001e+03 ],
            [ 1.29280e+00, 4.126e+03 ],
            [ 1.29889e+00, 4.082e+03 ],
            [ 1.30499e+00, 4.038e+03 ],
            [ 1.30500e+00, 4.044e+03 ],
            [ 1.50000e+00, 2.917e+03 ],
            [ 1.55959e+00, 2.659e+03 ],
            [ 1.55960e+00, 2.674e+03 ],
            [ 1.69350e+00, 2.195e+03 ],
            [ 1.83889e+00, 1.798e+03 ],
            [ 1.83890e+00, 1.828e+03 ],
            [ 2.00000e+00, 1.491e+03 ],
            [ 2.47199e+00, 8.795e+02 ],
            [ 2.47200e+00, 1.079e+03 ],
            [ 3.00000e+00, 6.692e+02 ],
            [ 4.00000e+00, 3.190e+02 ],
            [ 4.03809e+00, 3.113e+02 ],
            [ 4.03810e+00, 3.567e+02 ],
            [ 5.00000e+00, 2.048e+02 ],
            [ 5.24699e+00, 1.805e+02 ],
            [ 5.24700e+00, 3.641e+02 ],
            [ 5.43204e+00, 3.352e+02 ],
            [ 5.62359e+00, 3.069e+02 ],
            [ 5.62360e+00, 3.925e+02 ],
            [ 5.80333e+00, 3.633e+02 ],
            [ 5.98879e+00, 3.353e+02 ],
            [ 5.98880e+00, 3.778e+02 ],
            [ 6.00000e+00, 3.760e+02 ],
            [ 7.11199e+00, 2.437e+02 ],
            [ 7.11200e+00, 2.605e+02 ],
            [ 8.00000e+00, 1.925e+02 ],
            [ 1.00000e+01, 1.067e+02 ],
            [ 1.50000e+01, 3.601e+01 ],
            [ 2.00000e+01, 1.655e+01 ],
            [ 3.00000e+01, 5.551e+00 ],
            [ 3.74405e+01, 3.091e+00 ],
            [ 3.74406e+01, 1.407e+01 ],
            [ 4.00000e+01, 1.185e+01 ],
            [ 5.00000e+01, 6.671e+00 ],
            [ 6.00000e+01, 4.143e+00 ],
            [ 8.00000e+01, 1.968e+00 ],
            [ 1.00000e+02, 1.122e+00 ],
            [ 1.50000e+02, 4.423e-01 ],
            [ 2.00000e+02, 2.568e-01 ],
            [ 3.00000e+02, 1.460e-01 ],
            [ 4.00000e+02, 1.104e-01 ],
            [ 5.00000e+02, 9.309e-02 ],
            [ 6.00000e+02, 8.245e-02 ],
            [ 8.00000e+02, 6.936e-02 ],
            [ 1.00000e+03, 6.112e-02 ],
            [ 1.25000e+03, 5.404e-02 ],
            [ 1.50000e+03, 4.915e-02 ],
            [ 2.00000e+03, 4.296e-02 ],
            [ 3.00000e+03, 3.676e-02 ],
            [ 4.00000e+03, 3.388e-02 ],
            [ 5.00000e+03, 3.240e-02 ],
            [ 6.00000e+03, 3.162e-02 ],
            [ 8.00000e+03, 3.116e-02 ],
            [ 1.00000e+04, 3.138e-02 ],
            [ 1.50000e+04, 3.282e-02 ],
            [ 2.00000e+04, 3.439e-02 ]
        ]
    }
}
