{
    "density": 1.070e+00,
    "name": "Eye Lens (ICRU-44)",
    "type-id": 30,
    "parameters": {
        "data": [
            [ 1.00000e+00, 3.599e+03 ],
            [ 1.03542e+00, 3.282e+03 ],
            [ 1.07209e+00, 2.992e+03 ],
            [ 1.07210e+00, 2.998e+03 ],
            [ 1.50000e+00, 1.206e+03 ],
            [ 2.00000e+00, 5.386e+02 ],
            [ 2.14549e+00, 4.410e+02 ],
            [ 2.14550e+00, 4.432e+02 ],
            [ 2.30297e+00, 3.619e+02 ],
            [ 2.47199e+00, 2.952e+02 ],
            [ 2.47200e+00, 3.007e+02 ],
            [ 2.64140e+00, 2.485e+02 ],
            [ 2.82239e+00, 2.053e+02 ],
            [ 2.82240e+00, 2.067e+02 ],
            [ 3.00000e+00, 1.733e+02 ],
            [ 4.00000e+00, 7.446e+01 ],
            [ 5.00000e+00, 3.834e+01 ],
            [ 6.00000e+00, 2.221e+01 ],
            [ 8.00000e+00, 9.372e+00 ],
            [ 1.00000e+01, 4.829e+00 ],
            [ 1.50000e+01, 1.531e+00 ],
            [ 2.00000e+01, 7.510e-01 ],
            [ 3.00000e+01, 3.570e-01 ],
            [ 4.00000e+01, 2.590e-01 ],
            [ 5.00000e+01, 2.209e-01 ],
            [ 6.00000e+01, 2.013e-01 ],
            [ 8.00000e+01, 1.803e-01 ],
            [ 1.00000e+02, 1.679e-01 ],
            [ 1.50000e+02, 1.482e-01 ],
            [ 2.00000e+02, 1.350e-01 ],
            [ 3.00000e+02, 1.169e-01 ],
            [ 4.00000e+02, 1.046e-01 ],
            [ 5.00000e+02, 9.547e-02 ],
            [ 6.00000e+02, 8.827e-02 ],
            [ 8.00000e+02, 7.752e-02 ],
            [ 1.00000e+03, 6.969e-02 ],
            [ 1.25000e+03, 6.232e-02 ],
            [ 1.50000e+03, 5.671e-02 ],
            [ 2.00000e+03, 4.869e-02 ],
            [ 3.00000e+03, 3.908e-02 ],
            [ 4.00000e+03, 3.349e-02 ],
            [ 5.00000e+03, 2.981e-02 ],
            [ 6.00000e+03, 2.722e-02 ],
            [ 8.00000e+03, 2.383e-02 ],
            [ 1.00000e+04, 2.174e-02 ],
            [ 1.50000e+04, 1.896e-02 ],
            [ 2.00000e+04, 1.767e-02 ]
        ]
    }
}
