{
    "density": 3.180e+00,
    "name": "Calcium Fluoride",
    "type-id": 30,
    "parameters": {
        "data": [
            [ 1.00000e+00, 5.248e+03 ],
            [ 1.50000e+00, 1.843e+03 ],
            [ 2.00000e+00, 8.509e+02 ],
            [ 3.00000e+00, 2.779e+02 ],
            [ 4.00000e+00, 1.237e+02 ],
            [ 4.03809e+00, 1.204e+02 ],
            [ 4.03810e+00, 5.848e+02 ],
            [ 5.00000e+00, 3.410e+02 ],
            [ 6.00000e+00, 2.100e+02 ],
            [ 8.00000e+00, 9.642e+01 ],
            [ 1.00000e+01, 5.194e+01 ],
            [ 1.50000e+01, 1.651e+01 ],
            [ 2.00000e+01, 7.255e+00 ],
            [ 3.00000e+01, 2.313e+00 ],
            [ 4.00000e+01, 1.077e+00 ],
            [ 5.00000e+01, 6.311e-01 ],
            [ 6.00000e+01, 4.311e-01 ],
            [ 8.00000e+01, 2.674e-01 ],
            [ 1.00000e+02, 2.048e-01 ],
            [ 1.50000e+02, 1.491e-01 ],
            [ 2.00000e+02, 1.278e-01 ],
            [ 3.00000e+02, 1.067e-01 ],
            [ 4.00000e+02, 9.437e-02 ],
            [ 5.00000e+02, 8.570e-02 ],
            [ 6.00000e+02, 7.905e-02 ],
            [ 8.00000e+02, 6.924e-02 ],
            [ 1.00000e+03, 6.217e-02 ],
            [ 1.25000e+03, 5.558e-02 ],
            [ 1.50000e+03, 5.065e-02 ],
            [ 2.00000e+03, 4.380e-02 ],
            [ 3.00000e+03, 3.606e-02 ],
            [ 4.00000e+03, 3.184e-02 ],
            [ 5.00000e+03, 2.923e-02 ],
            [ 6.00000e+03, 2.753e-02 ],
            [ 8.00000e+03, 2.553e-02 ],
            [ 1.00000e+04, 2.450e-02 ],
            [ 1.50000e+04, 2.356e-02 ],
            [ 2.00000e+04, 2.351e-02 ]
        ]
    }
}
