{
    "density": 1.024e+00,
    "name": "Ferrous Sulfate, Standard Fricke",
    "type-id": 30,
    "parameters": {
        "data": [
            [ 1.00000e+00, 4.067e+03 ],
            [ 1.03542e+00, 3.712e+03 ],
            [ 1.07209e+00, 3.387e+03 ],
            [ 1.07210e+00, 3.387e+03 ],
            [ 1.50000e+00, 1.372e+03 ],
            [ 2.00000e+00, 6.159e+02 ],
            [ 2.47199e+00, 3.368e+02 ],
            [ 2.47200e+00, 3.601e+02 ],
            [ 2.64140e+00, 2.985e+02 ],
            [ 2.82239e+00, 2.473e+02 ],
            [ 2.82240e+00, 2.473e+02 ],
            [ 3.00000e+00, 2.078e+02 ],
            [ 4.00000e+00, 8.993e+01 ],
            [ 5.00000e+00, 4.654e+01 ],
            [ 6.00000e+00, 2.706e+01 ],
            [ 7.11199e+00, 1.628e+01 ],
            [ 7.11200e+00, 1.630e+01 ],
            [ 8.00000e+00, 1.147e+01 ],
            [ 1.00000e+01, 5.914e+00 ],
            [ 1.50000e+01, 1.853e+00 ],
            [ 2.00000e+01, 8.864e-01 ],
            [ 3.00000e+01, 3.979e-01 ],
            [ 4.00000e+01, 2.773e-01 ],
            [ 5.00000e+01, 2.313e-01 ],
            [ 6.00000e+01, 2.082e-01 ],
            [ 8.00000e+01, 1.843e-01 ],
            [ 1.00000e+02, 1.708e-01 ],
            [ 1.50000e+02, 1.503e-01 ],
            [ 2.00000e+02, 1.367e-01 ],
            [ 3.00000e+02, 1.183e-01 ],
            [ 4.00000e+02, 1.058e-01 ],
            [ 5.00000e+02, 9.657e-02 ],
            [ 6.00000e+02, 8.928e-02 ],
            [ 8.00000e+02, 7.841e-02 ],
            [ 1.00000e+03, 7.050e-02 ],
            [ 1.25000e+03, 6.304e-02 ],
            [ 1.50000e+03, 5.736e-02 ],
            [ 2.00000e+03, 4.927e-02 ],
            [ 3.00000e+03, 3.958e-02 ],
            [ 4.00000e+03, 3.396e-02 ],
            [ 5.00000e+03, 3.027e-02 ],
            [ 6.00000e+03, 2.767e-02 ],
            [ 8.00000e+03, 2.429e-02 ],
            [ 1.00000e+04, 2.222e-02 ],
            [ 1.50000e+04, 1.947e-02 ],
            [ 2.00000e+04, 1.822e-02 ]
        ]
    }
}
