{
    "density": 7.440e+00,
    "name": "Gadolinium Oxysulfide",
    "type-id": 30,
    "parameters": {
        "data": [
            [ 1.00000e+00, 2.497e+03 ],
            [ 1.08867e+00, 2.103e+03 ],
            [ 1.18519e+00, 1.765e+03 ],
            [ 1.18520e+00, 1.984e+03 ],
            [ 1.20109e+00, 2.465e+03 ],
            [ 1.21719e+00, 3.644e+03 ],
            [ 1.21720e+00, 4.311e+03 ],
            [ 1.50000e+00, 4.390e+03 ],
            [ 1.54399e+00, 4.092e+03 ],
            [ 1.54400e+00, 4.699e+03 ],
            [ 1.61454e+00, 4.235e+03 ],
            [ 1.68829e+00, 3.819e+03 ],
            [ 1.68830e+00, 4.046e+03 ],
            [ 1.78195e+00, 3.585e+03 ],
            [ 1.88079e+00, 3.175e+03 ],
            [ 1.88080e+00, 3.311e+03 ],
            [ 2.00000e+00, 2.883e+03 ],
            [ 2.47199e+00, 1.752e+03 ],
            [ 2.47200e+00, 1.909e+03 ],
            [ 3.00000e+00, 1.205e+03 ],
            [ 4.00000e+00, 5.916e+02 ],
            [ 5.00000e+00, 3.371e+02 ],
            [ 6.00000e+00, 2.118e+02 ],
            [ 7.24279e+00, 1.306e+02 ],
            [ 7.24280e+00, 3.312e+02 ],
            [ 7.57876e+00, 2.994e+02 ],
            [ 7.93029e+00, 2.625e+02 ],
            [ 7.93030e+00, 3.539e+02 ],
            [ 8.00000e+00, 3.470e+02 ],
            [ 8.37559e+00, 3.096e+02 ],
            [ 8.37560e+00, 3.560e+02 ],
            [ 1.00000e+01, 2.285e+02 ],
            [ 1.50000e+01, 7.902e+01 ],
            [ 2.00000e+01, 3.689e+01 ],
            [ 3.00000e+01, 1.254e+01 ],
            [ 4.00000e+01, 5.854e+00 ],
            [ 5.00000e+01, 3.274e+00 ],
            [ 5.02390e+01, 3.234e+00 ],
            [ 5.02391e+01, 1.555e+01 ],
            [ 6.00000e+01, 9.815e+00 ],
            [ 8.00000e+01, 4.666e+00 ],
            [ 1.00000e+02, 2.613e+00 ],
            [ 1.50000e+02, 9.381e-01 ],
            [ 2.00000e+02, 4.812e-01 ],
            [ 3.00000e+02, 2.185e-01 ],
            [ 4.00000e+02, 1.423e-01 ],
            [ 5.00000e+02, 1.095e-01 ],
            [ 6.00000e+02, 9.153e-02 ],
            [ 8.00000e+02, 7.225e-02 ],
            [ 1.00000e+03, 6.163e-02 ],
            [ 1.25000e+03, 5.335e-02 ],
            [ 1.50000e+03, 4.832e-02 ],
            [ 2.00000e+03, 4.271e-02 ],
            [ 3.00000e+03, 3.829e-02 ],
            [ 4.00000e+03, 3.699e-02 ],
            [ 5.00000e+03, 3.685e-02 ],
            [ 6.00000e+03, 3.722e-02 ],
            [ 8.00000e+03, 3.864e-02 ],
            [ 1.00000e+04, 4.038e-02 ],
            [ 1.50000e+04, 4.478e-02 ],
            [ 2.00000e+04, 4.837e-02 ]
        ]
    }
}
