{
    "density": 1.300e+00,
    "name": "Gafchromic Sensor",
    "type-id": 30,
    "parameters": {
        "data": [
            [ 1.00000e+00, 2.594e+03 ],
            [ 1.50000e+00, 8.437e+02 ],
            [ 2.00000e+00, 3.705e+02 ],
            [ 3.00000e+00, 1.129e+02 ],
            [ 4.00000e+00, 4.776e+01 ],
            [ 5.00000e+00, 2.436e+01 ],
            [ 6.00000e+00, 1.402e+01 ],
            [ 8.00000e+00, 5.892e+00 ],
            [ 1.00000e+01, 3.052e+00 ],
            [ 1.50000e+01, 1.014e+00 ],
            [ 2.00000e+01, 5.366e-01 ],
            [ 3.00000e+01, 2.943e-01 ],
            [ 4.00000e+01, 2.322e-01 ],
            [ 5.00000e+01, 2.066e-01 ],
            [ 6.00000e+01, 1.925e-01 ],
            [ 8.00000e+01, 1.759e-01 ],
            [ 1.00000e+02, 1.651e-01 ],
            [ 1.50000e+02, 1.467e-01 ],
            [ 2.00000e+02, 1.339e-01 ],
            [ 3.00000e+02, 1.161e-01 ],
            [ 4.00000e+02, 1.039e-01 ],
            [ 5.00000e+02, 9.487e-02 ],
            [ 6.00000e+02, 8.772e-02 ],
            [ 8.00000e+02, 7.704e-02 ],
            [ 1.00000e+03, 6.926e-02 ],
            [ 1.25000e+03, 6.194e-02 ],
            [ 1.50000e+03, 5.637e-02 ],
            [ 2.00000e+03, 4.835e-02 ],
            [ 3.00000e+03, 3.872e-02 ],
            [ 4.00000e+03, 3.308e-02 ],
            [ 5.00000e+03, 2.935e-02 ],
            [ 6.00000e+03, 2.672e-02 ],
            [ 8.00000e+03, 2.324e-02 ],
            [ 1.00000e+04, 2.108e-02 ],
            [ 1.50000e+04, 1.815e-02 ],
            [ 2.00000e+04, 1.675e-02 ]
        ]
    }
}
