{
    "density": 5.310e+00,
    "name": "Gallium Arsenide",
    "type-id": 30,
    "parameters": {
        "data": [
            [ 1.00000e+00, 1.917e+03 ],
            [ 1.05613e+00, 1.685e+03 ],
            [ 1.11539e+00, 1.481e+03 ],
            [ 1.11540e+00, 2.772e+03 ],
            [ 1.12877e+00, 3.180e+03 ],
            [ 1.14229e+00, 3.532e+03 ],
            [ 1.14230e+00, 4.372e+03 ],
            [ 1.21752e+00, 4.130e+03 ],
            [ 1.29769e+00, 3.657e+03 ],
            [ 1.29770e+00, 4.066e+03 ],
            [ 1.31034e+00, 3.971e+03 ],
            [ 1.32309e+00, 3.879e+03 ],
            [ 1.32310e+00, 5.652e+03 ],
            [ 1.34073e+00, 5.525e+03 ],
            [ 1.35859e+00, 5.415e+03 ],
            [ 1.35860e+00, 6.266e+03 ],
            [ 1.50000e+00, 5.159e+03 ],
            [ 1.52649e+00, 4.939e+03 ],
            [ 1.52650e+00, 5.278e+03 ],
            [ 2.00000e+00, 2.731e+03 ],
            [ 3.00000e+00, 9.702e+02 ],
            [ 4.00000e+00, 4.539e+02 ],
            [ 5.00000e+00, 2.495e+02 ],
            [ 6.00000e+00, 1.524e+02 ],
            [ 8.00000e+00, 6.960e+01 ],
            [ 1.00000e+01, 3.780e+01 ],
            [ 1.03670e+01, 3.425e+01 ],
            [ 1.03671e+01, 1.260e+02 ],
            [ 1.10916e+01, 1.059e+02 ],
            [ 1.18666e+01, 8.899e+01 ],
            [ 1.18667e+01, 1.685e+02 ],
            [ 1.50000e+01, 9.220e+01 ],
            [ 2.00000e+01, 4.258e+01 ],
            [ 3.00000e+01, 1.397e+01 ],
            [ 4.00000e+01, 6.262e+00 ],
            [ 5.00000e+01, 3.365e+00 ],
            [ 6.00000e+01, 2.042e+00 ],
            [ 8.00000e+01, 9.587e-01 ],
            [ 1.00000e+02, 5.598e-01 ],
            [ 1.50000e+02, 2.509e-01 ],
            [ 2.00000e+02, 1.671e-01 ],
            [ 3.00000e+02, 1.137e-01 ],
            [ 4.00000e+02, 9.371e-02 ],
            [ 5.00000e+02, 8.248e-02 ],
            [ 6.00000e+02, 7.484e-02 ],
            [ 8.00000e+02, 6.452e-02 ],
            [ 1.00000e+03, 5.751e-02 ],
            [ 1.25000e+03, 5.122e-02 ],
            [ 1.50000e+03, 4.676e-02 ],
            [ 2.00000e+03, 4.102e-02 ],
            [ 3.00000e+03, 3.538e-02 ],
            [ 4.00000e+03, 3.288e-02 ],
            [ 5.00000e+03, 3.172e-02 ],
            [ 6.00000e+03, 3.121e-02 ],
            [ 8.00000e+03, 3.117e-02 ],
            [ 1.00000e+04, 3.170e-02 ],
            [ 1.50000e+04, 3.354e-02 ],
            [ 2.00000e+04, 3.543e-02 ]
        ]
    }
}
