{
    "density": 6.220e+00,
    "name": "Glass, Lead",
    "type-id": 30,
    "parameters": {
        "data": [
            [ 1.00000e+00, 4.816e+03 ],
            [ 1.15026e+00, 3.619e+03 ],
            [ 1.32309e+00, 2.704e+03 ],
            [ 1.32310e+00, 2.713e+03 ],
            [ 1.34073e+00, 2.639e+03 ],
            [ 1.35859e+00, 2.567e+03 ],
            [ 1.35860e+00, 2.571e+03 ],
            [ 1.50000e+00, 2.088e+03 ],
            [ 1.52649e+00, 2.012e+03 ],
            [ 1.52650e+00, 2.014e+03 ],
            [ 1.67543e+00, 1.646e+03 ],
            [ 1.83889e+00, 1.339e+03 ],
            [ 1.83890e+00, 1.573e+03 ],
            [ 2.00000e+00, 1.316e+03 ],
            [ 2.48399e+00, 8.026e+02 ],
            [ 2.48400e+00, 1.251e+03 ],
            [ 2.53429e+00, 1.488e+03 ],
            [ 2.58559e+00, 1.641e+03 ],
            [ 2.58560e+00, 2.027e+03 ],
            [ 3.00000e+00, 1.596e+03 ],
            [ 3.06639e+00, 1.508e+03 ],
            [ 3.06640e+00, 1.726e+03 ],
            [ 3.30130e+00, 1.440e+03 ],
            [ 3.55419e+00, 1.199e+03 ],
            [ 3.55420e+00, 1.266e+03 ],
            [ 3.69948e+00, 1.150e+03 ],
            [ 3.85069e+00, 1.045e+03 ],
            [ 3.85070e+00, 1.088e+03 ],
            [ 4.00000e+00, 9.945e+02 ],
            [ 4.96639e+00, 5.875e+02 ],
            [ 4.96640e+00, 5.924e+02 ],
            [ 5.00000e+00, 5.828e+02 ],
            [ 6.00000e+00, 3.715e+02 ],
            [ 8.00000e+00, 1.808e+02 ],
            [ 1.00000e+01, 1.029e+02 ],
            [ 1.18666e+01, 6.666e+01 ],
            [ 1.18667e+01, 6.707e+01 ],
            [ 1.24372e+01, 6.625e+01 ],
            [ 1.30351e+01, 5.288e+01 ],
            [ 1.30352e+01, 1.244e+02 ],
            [ 1.50000e+01, 8.557e+01 ],
            [ 1.51999e+01, 8.266e+01 ],
            [ 1.52000e+01, 1.132e+02 ],
            [ 1.55269e+01, 1.080e+02 ],
            [ 1.58607e+01, 1.025e+02 ],
            [ 1.58608e+01, 1.178e+02 ],
            [ 2.00000e+01, 6.568e+01 ],
            [ 3.00000e+01, 2.305e+01 ],
            [ 4.00000e+01, 1.093e+01 ],
            [ 5.00000e+01, 6.134e+00 ],
            [ 6.00000e+01, 3.843e+00 ],
            [ 8.00000e+01, 1.869e+00 ],
            [ 8.80044e+01, 1.483e+00 ],
            [ 8.80045e+01, 5.824e+00 ],
            [ 1.00000e+02, 4.216e+00 ],
            [ 1.50000e+02, 1.550e+00 ],
            [ 2.00000e+02, 7.820e-01 ],
            [ 3.00000e+02, 3.297e-01 ],
            [ 4.00000e+02, 1.984e-01 ],
            [ 5.00000e+02, 1.429e-01 ],
            [ 6.00000e+02, 1.138e-01 ],
            [ 8.00000e+02, 8.421e-02 ],
            [ 1.00000e+03, 6.914e-02 ],
            [ 1.25000e+03, 5.826e-02 ],
            [ 1.50000e+03, 5.208e-02 ],
            [ 2.00000e+03, 4.568e-02 ],
            [ 3.00000e+03, 4.082e-02 ],
            [ 4.00000e+03, 3.938e-02 ],
            [ 5.00000e+03, 3.919e-02 ],
            [ 6.00000e+03, 3.958e-02 ],
            [ 8.00000e+03, 4.108e-02 ],
            [ 1.00000e+04, 4.295e-02 ],
            [ 1.50000e+04, 4.768e-02 ],
            [ 2.00000e+04, 5.165e-02 ]
        ]
    }
}
