{
    "density": 2.200e+00,
    "name": "Photographic Emulsion, Kodak Type AA",
    "type-id": 30,
    "parameters": {
        "data": [
            [ 1.00000e+00, 4.155e+03 ],
            [ 1.50000e+00, 1.541e+03 ],
            [ 1.54989e+00, 1.420e+03 ],
            [ 1.54990e+00, 2.169e+03 ],
            [ 1.57278e+00, 2.025e+03 ],
            [ 1.59599e+00, 1.927e+03 ],
            [ 1.59600e+00, 2.263e+03 ],
            [ 1.68644e+00, 2.003e+03 ],
            [ 1.78199e+00, 1.736e+03 ],
            [ 1.78200e+00, 1.853e+03 ],
            [ 2.00000e+00, 1.392e+03 ],
            [ 3.00000e+00, 4.936e+02 ],
            [ 3.35109e+00, 3.698e+02 ],
            [ 3.35110e+00, 6.361e+02 ],
            [ 3.43632e+00, 5.966e+02 ],
            [ 3.52369e+00, 5.596e+02 ],
            [ 3.52370e+00, 6.862e+02 ],
            [ 3.66203e+00, 6.236e+02 ],
            [ 3.80579e+00, 5.651e+02 ],
            [ 3.80580e+00, 6.211e+02 ],
            [ 4.00000e+00, 5.496e+02 ],
            [ 5.00000e+00, 3.078e+02 ],
            [ 6.00000e+00, 1.906e+02 ],
            [ 8.00000e+00, 8.859e+01 ],
            [ 1.00000e+01, 4.857e+01 ],
            [ 1.34736e+01, 2.166e+01 ],
            [ 1.34737e+01, 4.958e+01 ],
            [ 1.50000e+01, 3.752e+01 ],
            [ 2.00000e+01, 1.754e+01 ],
            [ 2.55139e+01, 9.135e+00 ],
            [ 2.55140e+01, 2.293e+01 ],
            [ 3.00000e+01, 1.508e+01 ],
            [ 4.00000e+01, 7.044e+00 ],
            [ 5.00000e+01, 3.889e+00 ],
            [ 6.00000e+01, 2.400e+00 ],
            [ 8.00000e+01, 1.147e+00 ],
            [ 1.00000e+02, 6.720e-01 ],
            [ 1.50000e+02, 2.962e-01 ],
            [ 2.00000e+02, 1.927e-01 ],
            [ 3.00000e+02, 1.274e-01 ],
            [ 4.00000e+02, 1.037e-01 ],
            [ 5.00000e+02, 9.075e-02 ],
            [ 6.00000e+02, 8.210e-02 ],
            [ 8.00000e+02, 7.057e-02 ],
            [ 1.00000e+03, 6.281e-02 ],
            [ 1.25000e+03, 5.587e-02 ],
            [ 1.50000e+03, 5.090e-02 ],
            [ 2.00000e+03, 4.429e-02 ],
            [ 3.00000e+03, 3.727e-02 ],
            [ 4.00000e+03, 3.372e-02 ],
            [ 5.00000e+03, 3.171e-02 ],
            [ 6.00000e+03, 3.049e-02 ],
            [ 8.00000e+03, 2.933e-02 ],
            [ 1.00000e+04, 2.900e-02 ],
            [ 1.50000e+04, 2.939e-02 ],
            [ 2.00000e+04, 3.026e-02 ]
        ]
    }
}
