{
    "density": 2.440e+00,
    "name": "Lithium Tetraborate",
    "type-id": 30,
    "parameters": {
        "data": [
            [ 1.00000e+00, 3.373e+03 ],
            [ 1.50000e+00, 1.128e+03 ],
            [ 2.00000e+00, 5.033e+02 ],
            [ 3.00000e+00, 1.563e+02 ],
            [ 4.00000e+00, 6.687e+01 ],
            [ 5.00000e+00, 3.433e+01 ],
            [ 6.00000e+00, 1.984e+01 ],
            [ 8.00000e+00, 8.343e+00 ],
            [ 1.00000e+01, 4.290e+00 ],
            [ 1.50000e+01, 1.357e+00 ],
            [ 2.00000e+01, 6.652e-01 ],
            [ 3.00000e+01, 3.165e-01 ],
            [ 4.00000e+01, 2.298e-01 ],
            [ 5.00000e+01, 1.960e-01 ],
            [ 6.00000e+01, 1.786e-01 ],
            [ 8.00000e+01, 1.599e-01 ],
            [ 1.00000e+02, 1.489e-01 ],
            [ 1.50000e+02, 1.314e-01 ],
            [ 2.00000e+02, 1.197e-01 ],
            [ 3.00000e+02, 1.036e-01 ],
            [ 4.00000e+02, 9.271e-02 ],
            [ 5.00000e+02, 8.461e-02 ],
            [ 6.00000e+02, 7.823e-02 ],
            [ 8.00000e+02, 6.870e-02 ],
            [ 1.00000e+03, 6.177e-02 ],
            [ 1.25000e+03, 5.523e-02 ],
            [ 1.50000e+03, 5.026e-02 ],
            [ 2.00000e+03, 4.318e-02 ],
            [ 3.00000e+03, 3.471e-02 ],
            [ 4.00000e+03, 2.979e-02 ],
            [ 5.00000e+03, 2.657e-02 ],
            [ 6.00000e+03, 2.432e-02 ],
            [ 8.00000e+03, 2.137e-02 ],
            [ 1.00000e+04, 1.958e-02 ],
            [ 1.50000e+04, 1.721e-02 ],
            [ 2.00000e+04, 1.613e-02 ]
        ]
    }
}
