{
    "density": 2.635e+00,
    "name": "Lithium Fluoride",
    "type-id": 30,
    "parameters": {
        "data": [
            [ 1.00000e+00, 4.200e+03 ],
            [ 1.50000e+00, 1.467e+03 ],
            [ 2.00000e+00, 6.698e+02 ],
            [ 3.00000e+00, 2.135e+02 ],
            [ 4.00000e+00, 9.282e+01 ],
            [ 5.00000e+00, 4.815e+01 ],
            [ 6.00000e+00, 2.802e+01 ],
            [ 8.00000e+00, 1.187e+01 ],
            [ 1.00000e+01, 6.101e+00 ],
            [ 1.50000e+01, 1.884e+00 ],
            [ 2.00000e+01, 8.792e-01 ],
            [ 3.00000e+01, 3.727e-01 ],
            [ 4.00000e+01, 2.486e-01 ],
            [ 5.00000e+01, 2.020e-01 ],
            [ 6.00000e+01, 1.791e-01 ],
            [ 8.00000e+01, 1.563e-01 ],
            [ 1.00000e+02, 1.441e-01 ],
            [ 1.50000e+02, 1.260e-01 ],
            [ 2.00000e+02, 1.145e-01 ],
            [ 3.00000e+02, 9.899e-02 ],
            [ 4.00000e+02, 8.853e-02 ],
            [ 5.00000e+02, 8.076e-02 ],
            [ 6.00000e+02, 7.467e-02 ],
            [ 8.00000e+02, 6.557e-02 ],
            [ 1.00000e+03, 5.894e-02 ],
            [ 1.25000e+03, 5.271e-02 ],
            [ 1.50000e+03, 4.798e-02 ],
            [ 2.00000e+03, 4.122e-02 ],
            [ 3.00000e+03, 3.321e-02 ],
            [ 4.00000e+03, 2.857e-02 ],
            [ 5.00000e+03, 2.554e-02 ],
            [ 6.00000e+03, 2.343e-02 ],
            [ 8.00000e+03, 2.069e-02 ],
            [ 1.00000e+04, 1.903e-02 ],
            [ 1.50000e+04, 1.687e-02 ],
            [ 2.00000e+04, 1.592e-02 ]
        ]
    }
}
