{
    "density": 1.050e+00,
    "name": "Lung Tissue (ICRU-44)",
    "type-id": 30,
    "parameters": {
        "data": [
            [ 1.00000e+00, 3.803e+03 ],
            [ 1.03542e+00, 3.469e+03 ],
            [ 1.07209e+00, 3.164e+03 ],
            [ 1.07210e+00, 3.176e+03 ],
            [ 1.50000e+00, 1.283e+03 ],
            [ 2.00000e+00, 5.746e+02 ],
            [ 2.14549e+00, 4.707e+02 ],
            [ 2.14550e+00, 4.752e+02 ],
            [ 2.30297e+00, 3.883e+02 ],
            [ 2.47199e+00, 3.170e+02 ],
            [ 2.47200e+00, 3.226e+02 ],
            [ 2.64140e+00, 2.668e+02 ],
            [ 2.82239e+00, 2.204e+02 ],
            [ 2.82240e+00, 2.248e+02 ],
            [ 3.00000e+00, 1.888e+02 ],
            [ 3.60739e+00, 1.103e+02 ],
            [ 3.60740e+00, 1.125e+02 ],
            [ 4.00000e+00, 8.306e+01 ],
            [ 5.00000e+00, 4.296e+01 ],
            [ 6.00000e+00, 2.497e+01 ],
            [ 8.00000e+00, 1.058e+01 ],
            [ 1.00000e+01, 5.459e+00 ],
            [ 1.50000e+01, 1.721e+00 ],
            [ 2.00000e+01, 8.316e-01 ],
            [ 3.00000e+01, 3.815e-01 ],
            [ 4.00000e+01, 2.699e-01 ],
            [ 5.00000e+01, 2.270e-01 ],
            [ 6.00000e+01, 2.053e-01 ],
            [ 8.00000e+01, 1.826e-01 ],
            [ 1.00000e+02, 1.695e-01 ],
            [ 1.50000e+02, 1.493e-01 ],
            [ 2.00000e+02, 1.359e-01 ],
            [ 3.00000e+02, 1.177e-01 ],
            [ 4.00000e+02, 1.053e-01 ],
            [ 5.00000e+02, 9.607e-02 ],
            [ 6.00000e+02, 8.882e-02 ],
            [ 8.00000e+02, 7.800e-02 ],
            [ 1.00000e+03, 7.013e-02 ],
            [ 1.25000e+03, 6.271e-02 ],
            [ 1.50000e+03, 5.706e-02 ],
            [ 2.00000e+03, 4.900e-02 ],
            [ 3.00000e+03, 3.935e-02 ],
            [ 4.00000e+03, 3.374e-02 ],
            [ 5.00000e+03, 3.005e-02 ],
            [ 6.00000e+03, 2.746e-02 ],
            [ 8.00000e+03, 2.407e-02 ],
            [ 1.00000e+04, 2.198e-02 ],
            [ 1.50000e+04, 1.922e-02 ],
            [ 2.00000e+04, 1.794e-02 ]
        ]
    }
}
