{
    "density": 2.530e+00,
    "name": "Magnesium Tetraborate",
    "type-id": 30,
    "parameters": {
        "data": [
            [ 1.00000e+00, 3.284e+03 ],
            [ 1.14237e+00, 2.304e+03 ],
            [ 1.30499e+00, 1.609e+03 ],
            [ 1.30500e+00, 2.284e+03 ],
            [ 1.50000e+00, 1.599e+03 ],
            [ 2.00000e+00, 7.334e+02 ],
            [ 3.00000e+00, 2.358e+02 ],
            [ 4.00000e+00, 1.030e+02 ],
            [ 5.00000e+00, 5.363e+01 ],
            [ 6.00000e+00, 3.131e+01 ],
            [ 8.00000e+00, 1.332e+01 ],
            [ 1.00000e+01, 6.865e+00 ],
            [ 1.50000e+01, 2.122e+00 ],
            [ 2.00000e+01, 9.862e-01 ],
            [ 3.00000e+01, 4.114e-01 ],
            [ 4.00000e+01, 2.705e-01 ],
            [ 5.00000e+01, 2.177e-01 ],
            [ 6.00000e+01, 1.919e-01 ],
            [ 8.00000e+01, 1.666e-01 ],
            [ 1.00000e+02, 1.531e-01 ],
            [ 1.50000e+02, 1.337e-01 ],
            [ 2.00000e+02, 1.214e-01 ],
            [ 3.00000e+02, 1.049e-01 ],
            [ 4.00000e+02, 9.380e-02 ],
            [ 5.00000e+02, 8.558e-02 ],
            [ 6.00000e+02, 7.912e-02 ],
            [ 8.00000e+02, 6.946e-02 ],
            [ 1.00000e+03, 6.245e-02 ],
            [ 1.25000e+03, 5.584e-02 ],
            [ 1.50000e+03, 5.083e-02 ],
            [ 2.00000e+03, 4.370e-02 ],
            [ 3.00000e+03, 3.524e-02 ],
            [ 4.00000e+03, 3.035e-02 ],
            [ 5.00000e+03, 2.718e-02 ],
            [ 6.00000e+03, 2.496e-02 ],
            [ 8.00000e+03, 2.211e-02 ],
            [ 1.00000e+04, 2.039e-02 ],
            [ 1.50000e+04, 1.817e-02 ],
            [ 2.00000e+04, 1.722e-02 ]
        ]
    }
}
