{
    "density": 6.360e+00,
    "name": "Mercuric Iodide",
    "type-id": 30,
    "parameters": {
        "data": [
            [ 1.00000e+00, 7.213e+03 ],
            [ 1.03542e+00, 6.724e+03 ],
            [ 1.07209e+00, 6.258e+03 ],
            [ 1.07210e+00, 6.446e+03 ],
            [ 1.50000e+00, 3.149e+03 ],
            [ 2.00000e+00, 1.638e+03 ],
            [ 2.29489e+00, 1.188e+03 ],
            [ 2.29490e+00, 1.238e+03 ],
            [ 2.33947e+00, 1.384e+03 ],
            [ 2.38489e+00, 1.678e+03 ],
            [ 2.38490e+00, 1.751e+03 ],
            [ 2.60577e+00, 1.582e+03 ],
            [ 2.84709e+00, 1.390e+03 ],
            [ 2.84710e+00, 1.531e+03 ],
            [ 3.00000e+00, 1.349e+03 ],
            [ 3.27849e+00, 1.085e+03 ],
            [ 3.27850e+00, 1.130e+03 ],
            [ 3.41712e+00, 1.024e+03 ],
            [ 3.56159e+00, 9.261e+02 ],
            [ 3.56160e+00, 9.539e+02 ],
            [ 4.00000e+00, 7.218e+02 ],
            [ 4.55709e+00, 5.247e+02 ],
            [ 4.55710e+00, 8.017e+02 ],
            [ 4.70229e+00, 7.500e+02 ],
            [ 4.85209e+00, 6.969e+02 ],
            [ 4.85210e+00, 8.258e+02 ],
            [ 5.00000e+00, 7.741e+02 ],
            [ 5.18809e+00, 7.052e+02 ],
            [ 5.18810e+00, 7.707e+02 ],
            [ 6.00000e+00, 5.385e+02 ],
            [ 8.00000e+00, 2.577e+02 ],
            [ 1.00000e+01, 1.447e+02 ],
            [ 1.22838e+01, 8.459e+01 ],
            [ 1.22839e+01, 1.311e+02 ],
            [ 1.32113e+01, 1.079e+02 ],
            [ 1.42086e+01, 8.896e+01 ],
            [ 1.42087e+01, 1.090e+02 ],
            [ 1.45206e+01, 1.035e+02 ],
            [ 1.48392e+01, 9.793e+01 ],
            [ 1.48393e+01, 1.080e+02 ],
            [ 1.50000e+01, 1.050e+02 ],
            [ 2.00000e+01, 5.006e+01 ],
            [ 3.00000e+01, 1.732e+01 ],
            [ 3.31693e+01, 1.332e+01 ],
            [ 3.31694e+01, 2.967e+01 ],
            [ 4.00000e+01, 1.827e+01 ],
            [ 5.00000e+01, 1.019e+01 ],
            [ 6.00000e+01, 6.301e+00 ],
            [ 8.00000e+01, 2.958e+00 ],
            [ 8.31022e+01, 2.679e+00 ],
            [ 8.31023e+01, 5.508e+00 ],
            [ 1.00000e+02, 3.415e+00 ],
            [ 1.50000e+02, 1.232e+00 ],
            [ 2.00000e+02, 6.220e-01 ],
            [ 3.00000e+02, 2.682e-01 ],
            [ 4.00000e+02, 1.661e-01 ],
            [ 5.00000e+02, 1.228e-01 ],
            [ 6.00000e+02, 9.985e-02 ],
            [ 8.00000e+02, 7.601e-02 ],
            [ 1.00000e+03, 6.350e-02 ],
            [ 1.25000e+03, 5.421e-02 ],
            [ 1.50000e+03, 4.882e-02 ],
            [ 2.00000e+03, 4.323e-02 ],
            [ 3.00000e+03, 3.933e-02 ],
            [ 4.00000e+03, 3.856e-02 ],
            [ 5.00000e+03, 3.889e-02 ],
            [ 6.00000e+03, 3.967e-02 ],
            [ 8.00000e+03, 4.181e-02 ],
            [ 1.00000e+04, 4.415e-02 ],
            [ 1.50000e+04, 4.966e-02 ],
            [ 2.00000e+04, 5.410e-02 ]
        ]
    }
}
