{
    "density": 1.050e+00,
    "name": "Muscle, Skeletal (ICRU-44)",
    "type-id": 30,
    "parameters": {
        "data": [
            [ 1.00000e+00, 3.719e+03 ],
            [ 1.03542e+00, 3.393e+03 ],
            [ 1.07209e+00, 3.094e+03 ],
            [ 1.07210e+00, 3.100e+03 ],
            [ 1.50000e+00, 1.251e+03 ],
            [ 2.00000e+00, 5.594e+02 ],
            [ 2.14549e+00, 4.581e+02 ],
            [ 2.14550e+00, 4.626e+02 ],
            [ 2.30297e+00, 3.776e+02 ],
            [ 2.47199e+00, 3.085e+02 ],
            [ 2.47200e+00, 3.140e+02 ],
            [ 2.64140e+00, 2.597e+02 ],
            [ 2.82239e+00, 2.145e+02 ],
            [ 2.82240e+00, 2.160e+02 ],
            [ 3.00000e+00, 1.812e+02 ],
            [ 3.60739e+00, 1.057e+02 ],
            [ 3.60740e+00, 1.100e+02 ],
            [ 4.00000e+00, 8.127e+01 ],
            [ 5.00000e+00, 4.206e+01 ],
            [ 6.00000e+00, 2.446e+01 ],
            [ 8.00000e+00, 1.037e+01 ],
            [ 1.00000e+01, 5.356e+00 ],
            [ 1.50000e+01, 1.693e+00 ],
            [ 2.00000e+01, 8.205e-01 ],
            [ 3.00000e+01, 3.783e-01 ],
            [ 4.00000e+01, 2.685e-01 ],
            [ 5.00000e+01, 2.262e-01 ],
            [ 6.00000e+01, 2.048e-01 ],
            [ 8.00000e+01, 1.823e-01 ],
            [ 1.00000e+02, 1.693e-01 ],
            [ 1.50000e+02, 1.492e-01 ],
            [ 2.00000e+02, 1.358e-01 ],
            [ 3.00000e+02, 1.176e-01 ],
            [ 4.00000e+02, 1.052e-01 ],
            [ 5.00000e+02, 9.598e-02 ],
            [ 6.00000e+02, 8.874e-02 ],
            [ 8.00000e+02, 7.793e-02 ],
            [ 1.00000e+03, 7.007e-02 ],
            [ 1.25000e+03, 6.265e-02 ],
            [ 1.50000e+03, 5.701e-02 ],
            [ 2.00000e+03, 4.896e-02 ],
            [ 3.00000e+03, 3.931e-02 ],
            [ 4.00000e+03, 3.369e-02 ],
            [ 5.00000e+03, 3.000e-02 ],
            [ 6.00000e+03, 2.741e-02 ],
            [ 8.00000e+03, 2.401e-02 ],
            [ 1.00000e+04, 2.192e-02 ],
            [ 1.50000e+04, 1.915e-02 ],
            [ 2.00000e+04, 1.786e-02 ]
        ]
    }
}
