{
    "density": 1.380e+00,
    "name": "Polyethylene Terephthalate, -Mylar-",
    "type-id": 30,
    "parameters": {
        "data": [
            [ 1.00000e+00, 2.911e+03 ],
            [ 1.50000e+00, 9.536e+02 ],
            [ 2.00000e+00, 4.206e+02 ],
            [ 3.00000e+00, 1.288e+02 ],
            [ 4.00000e+00, 5.466e+01 ],
            [ 5.00000e+00, 2.792e+01 ],
            [ 6.00000e+00, 1.608e+01 ],
            [ 8.00000e+00, 6.750e+00 ],
            [ 1.00000e+01, 3.481e+00 ],
            [ 1.50000e+01, 1.132e+00 ],
            [ 2.00000e+01, 5.798e-01 ],
            [ 3.00000e+01, 3.009e-01 ],
            [ 4.00000e+01, 2.304e-01 ],
            [ 5.00000e+01, 2.020e-01 ],
            [ 6.00000e+01, 1.868e-01 ],
            [ 8.00000e+01, 1.695e-01 ],
            [ 1.00000e+02, 1.586e-01 ],
            [ 1.50000e+02, 1.406e-01 ],
            [ 2.00000e+02, 1.282e-01 ],
            [ 3.00000e+02, 1.111e-01 ],
            [ 4.00000e+02, 9.947e-02 ],
            [ 5.00000e+02, 9.079e-02 ],
            [ 6.00000e+02, 8.395e-02 ],
            [ 8.00000e+02, 7.372e-02 ],
            [ 1.00000e+03, 6.628e-02 ],
            [ 1.25000e+03, 5.927e-02 ],
            [ 1.50000e+03, 5.395e-02 ],
            [ 2.00000e+03, 4.630e-02 ],
            [ 3.00000e+03, 3.715e-02 ],
            [ 4.00000e+03, 3.181e-02 ],
            [ 5.00000e+03, 2.829e-02 ],
            [ 6.00000e+03, 2.582e-02 ],
            [ 8.00000e+03, 2.257e-02 ],
            [ 1.00000e+04, 2.057e-02 ],
            [ 1.50000e+04, 1.789e-02 ],
            [ 2.00000e+04, 1.664e-02 ]
        ]
    }
}
