{
    "density": 1.080e+00,
    "name": "Radiochromic Dye Film, Nylon Base",
    "type-id": 30,
    "parameters": {
        "data": [
            [ 1.00000e+00, 2.439e+03 ],
            [ 1.50000e+00, 7.897e+02 ],
            [ 2.00000e+00, 3.458e+02 ],
            [ 3.00000e+00, 1.050e+02 ],
            [ 4.00000e+00, 4.435e+01 ],
            [ 5.00000e+00, 2.259e+01 ],
            [ 6.00000e+00, 1.300e+01 ],
            [ 8.00000e+00, 5.465e+00 ],
            [ 1.00000e+01, 2.837e+00 ],
            [ 1.50000e+01, 9.545e-01 ],
            [ 2.00000e+01, 5.132e-01 ],
            [ 3.00000e+01, 2.890e-01 ],
            [ 4.00000e+01, 2.312e-01 ],
            [ 5.00000e+01, 2.071e-01 ],
            [ 6.00000e+01, 1.936e-01 ],
            [ 8.00000e+01, 1.774e-01 ],
            [ 1.00000e+02, 1.666e-01 ],
            [ 1.50000e+02, 1.482e-01 ],
            [ 2.00000e+02, 1.353e-01 ],
            [ 3.00000e+02, 1.174e-01 ],
            [ 4.00000e+02, 1.051e-01 ],
            [ 5.00000e+02, 9.592e-02 ],
            [ 6.00000e+02, 8.869e-02 ],
            [ 8.00000e+02, 7.789e-02 ],
            [ 1.00000e+03, 7.003e-02 ],
            [ 1.25000e+03, 6.263e-02 ],
            [ 1.50000e+03, 5.699e-02 ],
            [ 2.00000e+03, 4.887e-02 ],
            [ 3.00000e+03, 3.912e-02 ],
            [ 4.00000e+03, 3.339e-02 ],
            [ 5.00000e+03, 2.960e-02 ],
            [ 6.00000e+03, 2.692e-02 ],
            [ 8.00000e+03, 2.338e-02 ],
            [ 1.00000e+04, 2.117e-02 ],
            [ 1.50000e+04, 1.817e-02 ],
            [ 2.00000e+04, 1.672e-02 ]
        ]
    }
}
