{
    "density": 1.050e+00,
    "name": "Ovary (ICRU-44)",
    "type-id": 30,
    "parameters": {
        "data": [
            [ 1.00000e+00, 3.835e+03 ],
            [ 1.03542e+00, 3.499e+03 ],
            [ 1.07209e+00, 3.191e+03 ],
            [ 1.07210e+00, 3.203e+03 ],
            [ 1.50000e+00, 1.295e+03 ],
            [ 2.00000e+00, 5.800e+02 ],
            [ 2.14549e+00, 4.752e+02 ],
            [ 2.14550e+00, 4.796e+02 ],
            [ 2.30297e+00, 3.920e+02 ],
            [ 2.47199e+00, 3.200e+02 ],
            [ 2.47200e+00, 3.237e+02 ],
            [ 2.64140e+00, 2.677e+02 ],
            [ 2.82239e+00, 2.211e+02 ],
            [ 2.82240e+00, 2.240e+02 ],
            [ 3.00000e+00, 1.880e+02 ],
            [ 3.60739e+00, 1.098e+02 ],
            [ 3.60740e+00, 1.119e+02 ],
            [ 4.00000e+00, 8.261e+01 ],
            [ 5.00000e+00, 4.269e+01 ],
            [ 6.00000e+00, 2.479e+01 ],
            [ 8.00000e+00, 1.049e+01 ],
            [ 1.00000e+01, 5.410e+00 ],
            [ 1.50000e+01, 1.705e+00 ],
            [ 2.00000e+01, 8.247e-01 ],
            [ 3.00000e+01, 3.796e-01 ],
            [ 4.00000e+01, 2.693e-01 ],
            [ 5.00000e+01, 2.269e-01 ],
            [ 6.00000e+01, 2.054e-01 ],
            [ 8.00000e+01, 1.828e-01 ],
            [ 1.00000e+02, 1.698e-01 ],
            [ 1.50000e+02, 1.496e-01 ],
            [ 2.00000e+02, 1.361e-01 ],
            [ 3.00000e+02, 1.179e-01 ],
            [ 4.00000e+02, 1.055e-01 ],
            [ 5.00000e+02, 9.624e-02 ],
            [ 6.00000e+02, 8.898e-02 ],
            [ 8.00000e+02, 7.814e-02 ],
            [ 1.00000e+03, 7.026e-02 ],
            [ 1.25000e+03, 6.282e-02 ],
            [ 1.50000e+03, 5.717e-02 ],
            [ 2.00000e+03, 4.909e-02 ],
            [ 3.00000e+03, 3.942e-02 ],
            [ 4.00000e+03, 3.380e-02 ],
            [ 5.00000e+03, 3.010e-02 ],
            [ 6.00000e+03, 2.750e-02 ],
            [ 8.00000e+03, 2.411e-02 ],
            [ 1.00000e+04, 2.202e-02 ],
            [ 1.50000e+04, 1.924e-02 ],
            [ 2.00000e+04, 1.797e-02 ]
        ]
    }
}
