{
    "density": 3.815e+00,
    "name": "Photographic Emulsion, Standard Nuclear",
    "type-id": 30,
    "parameters": {
        "data": [
            [ 1.00000e+00, 4.813e+03 ],
            [ 1.03542e+00, 4.444e+03 ],
            [ 1.07209e+00, 4.101e+03 ],
            [ 1.07210e+00, 4.102e+03 ],
            [ 1.50000e+00, 1.860e+03 ],
            [ 1.54989e+00, 1.720e+03 ],
            [ 1.54990e+00, 2.894e+03 ],
            [ 1.57278e+00, 2.688e+03 ],
            [ 1.59599e+00, 2.554e+03 ],
            [ 1.59600e+00, 3.081e+03 ],
            [ 1.68644e+00, 2.743e+03 ],
            [ 1.78199e+00, 2.381e+03 ],
            [ 1.78200e+00, 2.564e+03 ],
            [ 2.00000e+00, 1.937e+03 ],
            [ 2.47199e+00, 1.143e+03 ],
            [ 2.47200e+00, 1.147e+03 ],
            [ 3.00000e+00, 7.017e+02 ],
            [ 3.35109e+00, 5.279e+02 ],
            [ 3.35110e+00, 9.478e+02 ],
            [ 3.43632e+00, 8.905e+02 ],
            [ 3.52369e+00, 8.348e+02 ],
            [ 3.52370e+00, 1.034e+03 ],
            [ 3.66203e+00, 9.393e+02 ],
            [ 3.80579e+00, 8.534e+02 ],
            [ 3.80580e+00, 9.416e+02 ],
            [ 4.00000e+00, 8.342e+02 ],
            [ 4.55709e+00, 5.971e+02 ],
            [ 4.55710e+00, 5.987e+02 ],
            [ 4.70229e+00, 5.516e+02 ],
            [ 4.85209e+00, 5.083e+02 ],
            [ 4.85210e+00, 5.090e+02 ],
            [ 5.00000e+00, 4.708e+02 ],
            [ 5.18809e+00, 4.277e+02 ],
            [ 5.18810e+00, 4.280e+02 ],
            [ 6.00000e+00, 2.926e+02 ],
            [ 8.00000e+00, 1.364e+02 ],
            [ 1.00000e+01, 7.494e+01 ],
            [ 1.34736e+01, 3.346e+01 ],
            [ 1.34737e+01, 7.721e+01 ],
            [ 1.50000e+01, 5.843e+01 ],
            [ 2.00000e+01, 2.729e+01 ],
            [ 2.55139e+01, 1.417e+01 ],
            [ 2.55140e+01, 3.591e+01 ],
            [ 3.00000e+01, 2.360e+01 ],
            [ 3.31693e+01, 1.809e+01 ],
            [ 3.31694e+01, 1.819e+01 ],
            [ 4.00000e+01, 1.102e+01 ],
            [ 5.00000e+01, 6.042e+00 ],
            [ 6.00000e+01, 3.693e+00 ],
            [ 8.00000e+01, 1.717e+00 ],
            [ 1.00000e+02, 9.710e-01 ],
            [ 1.50000e+02, 3.860e-01 ],
            [ 2.00000e+02, 2.294e-01 ],
            [ 3.00000e+02, 1.359e-01 ],
            [ 4.00000e+02, 1.053e-01 ],
            [ 5.00000e+02, 8.992e-02 ],
            [ 6.00000e+02, 8.027e-02 ],
            [ 8.00000e+02, 6.806e-02 ],
            [ 1.00000e+03, 6.019e-02 ],
            [ 1.25000e+03, 5.335e-02 ],
            [ 1.50000e+03, 4.863e-02 ],
            [ 2.00000e+03, 4.270e-02 ],
            [ 3.00000e+03, 3.700e-02 ],
            [ 4.00000e+03, 3.455e-02 ],
            [ 5.00000e+03, 3.344e-02 ],
            [ 6.00000e+03, 3.298e-02 ],
            [ 8.00000e+03, 3.306e-02 ],
            [ 1.00000e+04, 3.372e-02 ],
            [ 1.50000e+04, 3.592e-02 ],
            [ 2.00000e+04, 3.804e-02 ]
        ]
    }
}
