{
    "density": 1.190e+00,
    "name": "Polymethyl Methacrylate",
    "type-id": 30,
    "parameters": {
        "data": [
            [ 1.00000e+00, 2.794e+03 ],
            [ 1.50000e+00, 9.153e+02 ],
            [ 2.00000e+00, 4.037e+02 ],
            [ 3.00000e+00, 1.236e+02 ],
            [ 4.00000e+00, 5.247e+01 ],
            [ 5.00000e+00, 2.681e+01 ],
            [ 6.00000e+00, 1.545e+01 ],
            [ 8.00000e+00, 6.494e+00 ],
            [ 1.00000e+01, 3.357e+00 ],
            [ 1.50000e+01, 1.101e+00 ],
            [ 2.00000e+01, 5.714e-01 ],
            [ 3.00000e+01, 3.032e-01 ],
            [ 4.00000e+01, 2.350e-01 ],
            [ 5.00000e+01, 2.074e-01 ],
            [ 6.00000e+01, 1.924e-01 ],
            [ 8.00000e+01, 1.751e-01 ],
            [ 1.00000e+02, 1.641e-01 ],
            [ 1.50000e+02, 1.456e-01 ],
            [ 2.00000e+02, 1.328e-01 ],
            [ 3.00000e+02, 1.152e-01 ],
            [ 4.00000e+02, 1.031e-01 ],
            [ 5.00000e+02, 9.410e-02 ],
            [ 6.00000e+02, 8.701e-02 ],
            [ 8.00000e+02, 7.641e-02 ],
            [ 1.00000e+03, 6.870e-02 ],
            [ 1.25000e+03, 6.143e-02 ],
            [ 1.50000e+03, 5.591e-02 ],
            [ 2.00000e+03, 4.796e-02 ],
            [ 3.00000e+03, 3.844e-02 ],
            [ 4.00000e+03, 3.286e-02 ],
            [ 5.00000e+03, 2.919e-02 ],
            [ 6.00000e+03, 2.659e-02 ],
            [ 8.00000e+03, 2.317e-02 ],
            [ 1.00000e+04, 2.105e-02 ],
            [ 1.50000e+04, 1.820e-02 ],
            [ 2.00000e+04, 1.684e-02 ]
        ]
    }
}
