{
    "density": 1.060e+00,
    "name": "Polystyrene",
    "type-id": 30,
    "parameters": {
        "data": [
            [ 1.00000e+00, 2.040e+03 ],
            [ 1.50000e+00, 6.462e+02 ],
            [ 2.00000e+00, 2.792e+02 ],
            [ 3.00000e+00, 8.338e+01 ],
            [ 4.00000e+00, 3.489e+01 ],
            [ 5.00000e+00, 1.767e+01 ],
            [ 6.00000e+00, 1.013e+01 ],
            [ 8.00000e+00, 4.252e+00 ],
            [ 1.00000e+01, 2.219e+00 ],
            [ 1.50000e+01, 7.738e-01 ],
            [ 2.00000e+01, 4.363e-01 ],
            [ 3.00000e+01, 2.640e-01 ],
            [ 4.00000e+01, 2.183e-01 ],
            [ 5.00000e+01, 1.986e-01 ],
            [ 6.00000e+01, 1.870e-01 ],
            [ 8.00000e+01, 1.725e-01 ],
            [ 1.00000e+02, 1.624e-01 ],
            [ 1.50000e+02, 1.448e-01 ],
            [ 2.00000e+02, 1.322e-01 ],
            [ 3.00000e+02, 1.147e-01 ],
            [ 4.00000e+02, 1.027e-01 ],
            [ 5.00000e+02, 9.379e-02 ],
            [ 6.00000e+02, 8.672e-02 ],
            [ 8.00000e+02, 7.615e-02 ],
            [ 1.00000e+03, 6.847e-02 ],
            [ 1.25000e+03, 6.123e-02 ],
            [ 1.50000e+03, 5.573e-02 ],
            [ 2.00000e+03, 4.777e-02 ],
            [ 3.00000e+03, 3.822e-02 ],
            [ 4.00000e+03, 3.261e-02 ],
            [ 5.00000e+03, 2.889e-02 ],
            [ 6.00000e+03, 2.626e-02 ],
            [ 8.00000e+03, 2.278e-02 ],
            [ 1.00000e+04, 2.060e-02 ],
            [ 1.50000e+04, 1.763e-02 ],
            [ 2.00000e+04, 1.620e-02 ]
        ]
    }
}
