{
    "density": 9.300e-01,
    "name": "Polyethylene",
    "type-id": 30,
    "parameters": {
        "data": [
            [ 1.00000e+00, 1.894e+03 ],
            [ 1.50000e+00, 5.999e+02 ],
            [ 2.00000e+00, 2.593e+02 ],
            [ 3.00000e+00, 7.743e+01 ],
            [ 4.00000e+00, 3.242e+01 ],
            [ 5.00000e+00, 1.643e+01 ],
            [ 6.00000e+00, 9.432e+00 ],
            [ 8.00000e+00, 3.975e+00 ],
            [ 1.00000e+01, 2.088e+00 ],
            [ 1.50000e+01, 7.452e-01 ],
            [ 2.00000e+01, 4.315e-01 ],
            [ 3.00000e+01, 2.706e-01 ],
            [ 4.00000e+01, 2.275e-01 ],
            [ 5.00000e+01, 2.084e-01 ],
            [ 6.00000e+01, 1.970e-01 ],
            [ 8.00000e+01, 1.823e-01 ],
            [ 1.00000e+02, 1.719e-01 ],
            [ 1.50000e+02, 1.534e-01 ],
            [ 2.00000e+02, 1.402e-01 ],
            [ 3.00000e+02, 1.217e-01 ],
            [ 4.00000e+02, 1.089e-01 ],
            [ 5.00000e+02, 9.947e-02 ],
            [ 6.00000e+02, 9.198e-02 ],
            [ 8.00000e+02, 8.078e-02 ],
            [ 1.00000e+03, 7.262e-02 ],
            [ 1.25000e+03, 6.495e-02 ],
            [ 1.50000e+03, 5.910e-02 ],
            [ 2.00000e+03, 5.064e-02 ],
            [ 3.00000e+03, 4.045e-02 ],
            [ 4.00000e+03, 3.444e-02 ],
            [ 5.00000e+03, 3.045e-02 ],
            [ 6.00000e+03, 2.760e-02 ],
            [ 8.00000e+03, 2.383e-02 ],
            [ 1.00000e+04, 2.145e-02 ],
            [ 1.50000e+04, 1.819e-02 ],
            [ 2.00000e+04, 1.658e-02 ]
        ]
    }
}
