{ 
    "density": 1.406e+00,
    "name": "Polyvinyl Chloride",
    "type-id": 30,
    "parameters": {
        "data": [
            [ 1.00000e+00, 2.457e+03 ],
            [ 1.50000e+00, 8.235e+02 ],
            [ 2.00000e+00, 3.727e+02 ],
            [ 2.82239e+00, 1.424e+02 ],
            [ 2.82240e+00, 9.701e+02 ],
            [ 3.00000e+00, 8.702e+02 ],
            [ 4.00000e+00, 4.137e+02 ],
            [ 5.00000e+00, 2.287e+02 ],
            [ 6.00000e+00, 1.395e+02 ],
            [ 8.00000e+00, 6.276e+01 ],
            [ 1.00000e+01, 3.340e+01 ],
            [ 1.50000e+01, 1.045e+01 ],
            [ 2.00000e+01, 4.578e+00 ],
            [ 3.00000e+01, 1.491e+00 ],
            [ 4.00000e+01, 7.300e-01 ],
            [ 5.00000e+01, 4.559e-01 ],
            [ 6.00000e+01, 3.325e-01 ],
            [ 8.00000e+01, 2.298e-01 ],
            [ 1.00000e+02, 1.887e-01 ],
            [ 1.50000e+02, 1.486e-01 ],
            [ 2.00000e+02, 1.308e-01 ],
            [ 3.00000e+02, 1.110e-01 ],
            [ 4.00000e+02, 9.867e-02 ],
            [ 5.00000e+02, 8.981e-02 ],
            [ 6.00000e+02, 8.293e-02 ],
            [ 8.00000e+02, 7.271e-02 ],
            [ 1.00000e+03, 6.532e-02 ],
            [ 1.25000e+03, 5.840e-02 ],
            [ 1.50000e+03, 5.320e-02 ],
            [ 2.00000e+03, 4.587e-02 ],
            [ 3.00000e+03, 3.738e-02 ],
            [ 4.00000e+03, 3.261e-02 ],
            [ 5.00000e+03, 2.959e-02 ],
            [ 6.00000e+03, 2.754e-02 ],
            [ 8.00000e+03, 2.500e-02 ],
            [ 1.00000e+04, 2.356e-02 ],
            [ 1.50000e+04, 2.192e-02 ],
            [ 2.00000e+04, 2.139e-02 ]
        ]
    }
}
