{
    "density": 2.230e+00,
    "name": "Glass, Borosilicate -Pyrex-",
    "type-id": 30,
    "parameters": {
        "data": [
            [ 1.00000e+00, 3.164e+03 ],
            [ 1.03542e+00, 2.887e+03 ],
            [ 1.07209e+00, 2.634e+03 ],
            [ 1.07210e+00, 2.800e+03 ],
            [ 1.50000e+00, 1.152e+03 ],
            [ 1.55959e+00, 1.037e+03 ],
            [ 1.55960e+00, 1.079e+03 ],
            [ 1.69350e+00, 8.629e+02 ],
            [ 1.83889e+00, 6.883e+02 ],
            [ 1.83890e+00, 1.776e+03 ],
            [ 2.00000e+00, 1.500e+03 ],
            [ 3.00000e+00, 5.123e+02 ],
            [ 3.60739e+00, 3.098e+02 ],
            [ 3.60740e+00, 3.133e+02 ],
            [ 4.00000e+00, 2.355e+02 ],
            [ 5.00000e+00, 1.260e+02 ],
            [ 6.00000e+00, 7.500e+01 ],
            [ 8.00000e+00, 3.269e+01 ],
            [ 1.00000e+01, 1.705e+01 ],
            [ 1.50000e+01, 5.217e+00 ],
            [ 2.00000e+01, 2.297e+00 ],
            [ 3.00000e+01, 7.987e-01 ],
            [ 4.00000e+01, 4.341e-01 ],
            [ 5.00000e+01, 3.022e-01 ],
            [ 6.00000e+01, 2.417e-01 ],
            [ 8.00000e+01, 1.890e-01 ],
            [ 1.00000e+02, 1.657e-01 ],
            [ 1.50000e+02, 1.389e-01 ],
            [ 2.00000e+02, 1.246e-01 ],
            [ 3.00000e+02, 1.069e-01 ],
            [ 4.00000e+02, 9.540e-02 ],
            [ 5.00000e+02, 8.696e-02 ],
            [ 6.00000e+02, 8.035e-02 ],
            [ 8.00000e+02, 7.052e-02 ],
            [ 1.00000e+03, 6.337e-02 ],
            [ 1.25000e+03, 5.667e-02 ],
            [ 1.50000e+03, 5.160e-02 ],
            [ 2.00000e+03, 4.447e-02 ],
            [ 3.00000e+03, 3.611e-02 ],
            [ 4.00000e+03, 3.140e-02 ],
            [ 5.00000e+03, 2.838e-02 ],
            [ 6.00000e+03, 2.632e-02 ],
            [ 8.00000e+03, 2.373e-02 ],
            [ 1.00000e+04, 2.223e-02 ],
            [ 1.50000e+04, 2.045e-02 ],
            [ 2.00000e+04, 1.982e-02 ]
        ]
    }
}
