{
    "density": 2.250e+00,
    "name": "Polytetrafluoroethylene, -Teflon-",
    "type-id": 30,
    "parameters": {
        "data": [
            [ 1.00000e+00, 4.823e+03 ],
            [ 1.50000e+00, 1.672e+03 ],
            [ 2.00000e+00, 7.601e+02 ],
            [ 3.00000e+00, 2.411e+02 ],
            [ 4.00000e+00, 1.045e+02 ],
            [ 5.00000e+00, 5.409e+01 ],
            [ 6.00000e+00, 3.142e+01 ],
            [ 8.00000e+00, 1.327e+01 ],
            [ 1.00000e+01, 6.805e+00 ],
            [ 1.50000e+01, 2.088e+00 ],
            [ 2.00000e+01, 9.667e-01 ],
            [ 3.00000e+01, 4.025e-01 ],
            [ 4.00000e+01, 2.647e-01 ],
            [ 5.00000e+01, 2.132e-01 ],
            [ 6.00000e+01, 1.880e-01 ],
            [ 8.00000e+01, 1.632e-01 ],
            [ 1.00000e+02, 1.500e-01 ],
            [ 1.50000e+02, 1.310e-01 ],
            [ 2.00000e+02, 1.189e-01 ],
            [ 3.00000e+02, 1.027e-01 ],
            [ 4.00000e+02, 9.187e-02 ],
            [ 5.00000e+02, 8.380e-02 ],
            [ 6.00000e+02, 7.747e-02 ],
            [ 8.00000e+02, 6.803e-02 ],
            [ 1.00000e+03, 6.115e-02 ],
            [ 1.25000e+03, 5.469e-02 ],
            [ 1.50000e+03, 4.979e-02 ],
            [ 2.00000e+03, 4.280e-02 ],
            [ 3.00000e+03, 3.456e-02 ],
            [ 4.00000e+03, 2.981e-02 ],
            [ 5.00000e+03, 2.674e-02 ],
            [ 6.00000e+03, 2.460e-02 ],
            [ 8.00000e+03, 2.185e-02 ],
            [ 1.00000e+04, 2.020e-02 ],
            [ 1.50000e+04, 1.811e-02 ],
            [ 2.00000e+04, 1.722e-02 ]
        ]
    }
}
