{
    "density": 6.200e+00,
    "name": "Cadmium Telluride",
    "type-id": 30,
    "parameters": {
        "data": [
            [ 1.00000e+00, 7.927e+03 ],
            [ 1.00300e+00, 7.875e+03 ],
            [ 1.00599e+00, 7.824e+03 ],
            [ 1.00600e+00, 8.014e+03 ],
            [ 1.50000e+00, 3.291e+03 ],
            [ 2.00000e+00, 1.664e+03 ],
            [ 3.00000e+00, 6.146e+02 ],
            [ 3.53749e+00, 4.064e+02 ],
            [ 3.53750e+00, 7.787e+02 ],
            [ 3.63101e+00, 7.300e+02 ],
            [ 3.72699e+00, 6.840e+02 ],
            [ 3.72700e+00, 8.601e+02 ],
            [ 4.00000e+00, 7.230e+02 ],
            [ 4.01799e+00, 7.151e+02 ],
            [ 4.01800e+00, 7.934e+02 ],
            [ 4.17657e+00, 7.221e+02 ],
            [ 4.34139e+00, 6.562e+02 ],
            [ 4.34140e+00, 9.328e+02 ],
            [ 4.47465e+00, 8.739e+02 ],
            [ 4.61199e+00, 8.135e+02 ],
            [ 4.61200e+00, 9.438e+02 ],
            [ 4.77280e+00, 8.702e+02 ],
            [ 4.93919e+00, 7.999e+02 ],
            [ 4.93920e+00, 8.653e+02 ],
            [ 5.00000e+00, 8.392e+02 ],
            [ 6.00000e+00, 5.286e+02 ],
            [ 8.00000e+00, 2.492e+02 ],
            [ 1.00000e+01, 1.381e+02 ],
            [ 1.50000e+01, 4.657e+01 ],
            [ 2.00000e+01, 2.144e+01 ],
            [ 2.67111e+01, 9.834e+00 ],
            [ 2.67112e+01, 2.943e+01 ],
            [ 3.00000e+01, 2.182e+01 ],
            [ 3.18137e+01, 1.873e+01 ],
            [ 3.18138e+01, 3.492e+01 ],
            [ 4.00000e+01, 1.930e+01 ],
            [ 5.00000e+01, 1.067e+01 ],
            [ 6.00000e+01, 6.542e+00 ],
            [ 8.00000e+01, 3.019e+00 ],
            [ 1.00000e+02, 1.671e+00 ],
            [ 1.50000e+02, 6.071e-01 ],
            [ 2.00000e+02, 3.246e-01 ],
            [ 3.00000e+02, 1.628e-01 ],
            [ 4.00000e+02, 1.147e-01 ],
            [ 5.00000e+02, 9.291e-02 ],
            [ 6.00000e+02, 8.042e-02 ],
            [ 8.00000e+02, 6.600e-02 ],
            [ 1.00000e+03, 5.742e-02 ],
            [ 1.25000e+03, 5.043e-02 ],
            [ 1.50000e+03, 4.591e-02 ],
            [ 2.00000e+03, 4.070e-02 ],
            [ 3.00000e+03, 3.649e-02 ],
            [ 4.00000e+03, 3.525e-02 ],
            [ 5.00000e+03, 3.513e-02 ],
            [ 6.00000e+03, 3.548e-02 ],
            [ 8.00000e+03, 3.687e-02 ],
            [ 1.00000e+04, 3.857e-02 ],
            [ 1.50000e+04, 4.273e-02 ],
            [ 2.00000e+04, 4.616e-02 ]
        ]
    }
}
