{
    "density": 1.064e-03,
    "name": "Tissue-Equivalent Gas, Methane Based",
    "type-id": 30,
    "parameters": {
        "data": [
            [ 1.00000e+00, 2.993e+03 ],
            [ 1.50000e+00, 9.878e+02 ],
            [ 2.00000e+00, 4.376e+02 ],
            [ 3.00000e+00, 1.347e+02 ],
            [ 4.00000e+00, 5.734e+01 ],
            [ 5.00000e+00, 2.935e+01 ],
            [ 6.00000e+00, 1.694e+01 ],
            [ 8.00000e+00, 7.124e+00 ],
            [ 1.00000e+01, 3.679e+00 ],
            [ 1.50000e+01, 1.197e+00 ],
            [ 2.00000e+01, 6.129e-01 ],
            [ 3.00000e+01, 3.177e-01 ],
            [ 4.00000e+01, 2.431e-01 ],
            [ 5.00000e+01, 2.132e-01 ],
            [ 6.00000e+01, 1.972e-01 ],
            [ 8.00000e+01, 1.790e-01 ],
            [ 1.00000e+02, 1.675e-01 ],
            [ 1.50000e+02, 1.486e-01 ],
            [ 2.00000e+02, 1.355e-01 ],
            [ 3.00000e+02, 1.174e-01 ],
            [ 4.00000e+02, 1.051e-01 ],
            [ 5.00000e+02, 9.594e-02 ],
            [ 6.00000e+02, 8.871e-02 ],
            [ 8.00000e+02, 7.790e-02 ],
            [ 1.00000e+03, 7.004e-02 ],
            [ 1.25000e+03, 6.264e-02 ],
            [ 1.50000e+03, 5.700e-02 ],
            [ 2.00000e+03, 4.890e-02 ],
            [ 3.00000e+03, 3.919e-02 ],
            [ 4.00000e+03, 3.351e-02 ],
            [ 5.00000e+03, 2.976e-02 ],
            [ 6.00000e+03, 2.711e-02 ],
            [ 8.00000e+03, 2.363e-02 ],
            [ 1.00000e+04, 2.146e-02 ],
            [ 1.50000e+04, 1.855e-02 ],
            [ 2.00000e+04, 1.717e-02 ]
        ]
    }
}
