{
    "density": 1.826e-03,
    "name": "Tissue-Equivalent Gas, Propane Based",
    "type-id": 30,
    "parameters": {
        "data": [
            [ 1.00000e+00, 2.721e+03 ],
            [ 1.50000e+00, 8.909e+02 ],
            [ 2.00000e+00, 3.928e+02 ],
            [ 3.00000e+00, 1.202e+02 ],
            [ 4.00000e+00, 5.103e+01 ],
            [ 5.00000e+00, 2.607e+01 ],
            [ 6.00000e+00, 1.503e+01 ],
            [ 8.00000e+00, 6.320e+00 ],
            [ 1.00000e+01, 3.272e+00 ],
            [ 1.50000e+01, 1.080e+00 ],
            [ 2.00000e+01, 5.648e-01 ],
            [ 3.00000e+01, 3.040e-01 ],
            [ 4.00000e+01, 2.375e-01 ],
            [ 5.00000e+01, 2.104e-01 ],
            [ 6.00000e+01, 1.955e-01 ],
            [ 8.00000e+01, 1.783e-01 ],
            [ 1.00000e+02, 1.672e-01 ],
            [ 1.50000e+02, 1.485e-01 ],
            [ 2.00000e+02, 1.355e-01 ],
            [ 3.00000e+02, 1.175e-01 ],
            [ 4.00000e+02, 1.052e-01 ],
            [ 5.00000e+02, 9.599e-02 ],
            [ 6.00000e+02, 8.876e-02 ],
            [ 8.00000e+02, 7.795e-02 ],
            [ 1.00000e+03, 7.008e-02 ],
            [ 1.25000e+03, 6.267e-02 ],
            [ 1.50000e+03, 5.703e-02 ],
            [ 2.00000e+03, 4.892e-02 ],
            [ 3.00000e+03, 3.918e-02 ],
            [ 4.00000e+03, 3.347e-02 ],
            [ 5.00000e+03, 2.970e-02 ],
            [ 6.00000e+03, 2.703e-02 ],
            [ 8.00000e+03, 2.352e-02 ],
            [ 1.00000e+04, 2.133e-02 ],
            [ 1.50000e+04, 1.837e-02 ],
            [ 2.00000e+04, 1.695e-02 ]
        ]
    }
}
