{
    "density": 1.040e+00,
    "name": "Testis (ICRU-44)",
    "type-id": 30,
    "parameters": {
        "data": [
            [ 1.00000e+00, 3.824e+03 ],
            [ 1.03542e+00, 3.489e+03 ],
            [ 1.07209e+00, 3.182e+03 ],
            [ 1.07210e+00, 3.194e+03 ],
            [ 1.50000e+00, 1.291e+03 ],
            [ 2.00000e+00, 5.783e+02 ],
            [ 2.14549e+00, 4.737e+02 ],
            [ 2.14550e+00, 4.759e+02 ],
            [ 2.30297e+00, 3.889e+02 ],
            [ 2.47199e+00, 3.174e+02 ],
            [ 2.47200e+00, 3.211e+02 ],
            [ 2.64140e+00, 2.654e+02 ],
            [ 2.82239e+00, 2.193e+02 ],
            [ 2.82240e+00, 2.222e+02 ],
            [ 3.00000e+00, 1.864e+02 ],
            [ 3.60739e+00, 1.088e+02 ],
            [ 3.60740e+00, 1.109e+02 ],
            [ 4.00000e+00, 8.188e+01 ],
            [ 5.00000e+00, 4.229e+01 ],
            [ 6.00000e+00, 2.456e+01 ],
            [ 8.00000e+00, 1.039e+01 ],
            [ 1.00000e+01, 5.357e+00 ],
            [ 1.50000e+01, 1.689e+00 ],
            [ 2.00000e+01, 8.182e-01 ],
            [ 3.00000e+01, 3.778e-01 ],
            [ 4.00000e+01, 2.687e-01 ],
            [ 5.00000e+01, 2.266e-01 ],
            [ 6.00000e+01, 2.053e-01 ],
            [ 8.00000e+01, 1.828e-01 ],
            [ 1.00000e+02, 1.699e-01 ],
            [ 1.50000e+02, 1.497e-01 ],
            [ 2.00000e+02, 1.363e-01 ],
            [ 3.00000e+02, 1.180e-01 ],
            [ 4.00000e+02, 1.055e-01 ],
            [ 5.00000e+02, 9.633e-02 ],
            [ 6.00000e+02, 8.906e-02 ],
            [ 8.00000e+02, 7.822e-02 ],
            [ 1.00000e+03, 7.032e-02 ],
            [ 1.25000e+03, 6.288e-02 ],
            [ 1.50000e+03, 5.722e-02 ],
            [ 2.00000e+03, 4.914e-02 ],
            [ 3.00000e+03, 3.945e-02 ],
            [ 4.00000e+03, 3.382e-02 ],
            [ 5.00000e+03, 3.012e-02 ],
            [ 6.00000e+03, 2.752e-02 ],
            [ 8.00000e+03, 2.411e-02 ],
            [ 1.00000e+04, 2.202e-02 ],
            [ 1.50000e+04, 1.924e-02 ],
            [ 2.00000e+04, 1.796e-02 ]
        ]
    }
}
