{
    "density": 1.060e+00,
    "name": "Tissue, Soft (ICRU-44)",
    "type-id": 30,
    "parameters": {
        "data": [
            [ 1.00000e+00, 3.712e+03 ],
            [ 1.03542e+00, 3.386e+03 ],
            [ 1.07209e+00, 3.087e+03 ],
            [ 1.07210e+00, 3.099e+03 ],
            [ 1.50000e+00, 1.251e+03 ],
            [ 2.00000e+00, 5.596e+02 ],
            [ 2.14549e+00, 4.583e+02 ],
            [ 2.14550e+00, 4.650e+02 ],
            [ 2.30297e+00, 3.800e+02 ],
            [ 2.47199e+00, 3.102e+02 ],
            [ 2.47200e+00, 3.158e+02 ],
            [ 2.64140e+00, 2.612e+02 ],
            [ 2.82239e+00, 2.158e+02 ],
            [ 2.82240e+00, 2.188e+02 ],
            [ 3.00000e+00, 1.836e+02 ],
            [ 3.60739e+00, 1.073e+02 ],
            [ 3.60740e+00, 1.105e+02 ],
            [ 4.00000e+00, 8.161e+01 ],
            [ 5.00000e+00, 4.224e+01 ],
            [ 6.00000e+00, 2.456e+01 ],
            [ 8.00000e+00, 1.042e+01 ],
            [ 1.00000e+01, 5.379e+00 ],
            [ 1.50000e+01, 1.699e+00 ],
            [ 2.00000e+01, 8.230e-01 ],
            [ 3.00000e+01, 3.790e-01 ],
            [ 4.00000e+01, 2.688e-01 ],
            [ 5.00000e+01, 2.264e-01 ],
            [ 6.00000e+01, 2.048e-01 ],
            [ 8.00000e+01, 1.823e-01 ],
            [ 1.00000e+02, 1.693e-01 ],
            [ 1.50000e+02, 1.492e-01 ],
            [ 2.00000e+02, 1.358e-01 ],
            [ 3.00000e+02, 1.175e-01 ],
            [ 4.00000e+02, 1.052e-01 ],
            [ 5.00000e+02, 9.598e-02 ],
            [ 6.00000e+02, 8.873e-02 ],
            [ 8.00000e+02, 7.793e-02 ],
            [ 1.00000e+03, 7.006e-02 ],
            [ 1.25000e+03, 6.265e-02 ],
            [ 1.50000e+03, 5.701e-02 ],
            [ 2.00000e+03, 4.895e-02 ],
            [ 3.00000e+03, 3.931e-02 ],
            [ 4.00000e+03, 3.369e-02 ],
            [ 5.00000e+03, 3.000e-02 ],
            [ 6.00000e+03, 2.741e-02 ],
            [ 8.00000e+03, 2.401e-02 ],
            [ 1.00000e+04, 2.193e-02 ],
            [ 1.50000e+04, 1.915e-02 ],
            [ 2.00000e+04, 1.787e-02 ]
        ]
    }
}
