{
    "density": 1.000e+00,
    "name": "Tissue, Soft (ICRU Four-Component)",
    "type-id": 30,
    "parameters": {
        "data": [
            [ 1.00000e+00, 3.829e+03 ],
            [ 1.50000e+00, 1.286e+03 ],
            [ 2.00000e+00, 5.755e+02 ],
            [ 3.00000e+00, 1.792e+02 ],
            [ 4.00000e+00, 7.681e+01 ],
            [ 5.00000e+00, 3.947e+01 ],
            [ 6.00000e+00, 2.283e+01 ],
            [ 8.00000e+00, 9.604e+00 ],
            [ 1.00000e+01, 4.937e+00 ],
            [ 1.50000e+01, 1.558e+00 ],
            [ 2.00000e+01, 7.616e-01 ],
            [ 3.00000e+01, 3.604e-01 ],
            [ 4.00000e+01, 2.609e-01 ],
            [ 5.00000e+01, 2.223e-01 ],
            [ 6.00000e+01, 2.025e-01 ],
            [ 8.00000e+01, 1.813e-01 ],
            [ 1.00000e+02, 1.688e-01 ],
            [ 1.50000e+02, 1.490e-01 ],
            [ 2.00000e+02, 1.356e-01 ],
            [ 3.00000e+02, 1.175e-01 ],
            [ 4.00000e+02, 1.051e-01 ],
            [ 5.00000e+02, 9.593e-02 ],
            [ 6.00000e+02, 8.870e-02 ],
            [ 8.00000e+02, 7.789e-02 ],
            [ 1.00000e+03, 7.003e-02 ],
            [ 1.25000e+03, 6.262e-02 ],
            [ 1.50000e+03, 5.699e-02 ],
            [ 2.00000e+03, 4.893e-02 ],
            [ 3.00000e+03, 3.929e-02 ],
            [ 4.00000e+03, 3.367e-02 ],
            [ 5.00000e+03, 2.998e-02 ],
            [ 6.00000e+03, 2.739e-02 ],
            [ 8.00000e+03, 2.400e-02 ],
            [ 1.00000e+04, 2.191e-02 ],
            [ 1.50000e+04, 1.913e-02 ],
            [ 2.00000e+04, 1.785e-02 ]
        ]
    }
}
