{
    "density": 1.032e+00,
    "name": "Plastic Scintillator, Vinyltoluene",
    "type-id": 30,
    "parameters": {
        "data": [
            [ 1.00000e+00, 2.024e+03 ],
            [ 1.50000e+00, 6.409e+02 ],
            [ 2.00000e+00, 2.770e+02 ],
            [ 3.00000e+00, 8.270e+01 ],
            [ 4.00000e+00, 3.461e+01 ],
            [ 5.00000e+00, 1.753e+01 ],
            [ 6.00000e+00, 1.005e+01 ],
            [ 8.00000e+00, 4.220e+00 ],
            [ 1.00000e+01, 2.204e+00 ],
            [ 1.50000e+01, 7.705e-01 ],
            [ 2.00000e+01, 4.358e-01 ],
            [ 3.00000e+01, 2.647e-01 ],
            [ 4.00000e+01, 2.194e-01 ],
            [ 5.00000e+01, 1.997e-01 ],
            [ 6.00000e+01, 1.881e-01 ],
            [ 8.00000e+01, 1.736e-01 ],
            [ 1.00000e+02, 1.635e-01 ],
            [ 1.50000e+02, 1.458e-01 ],
            [ 2.00000e+02, 1.331e-01 ],
            [ 3.00000e+02, 1.155e-01 ],
            [ 4.00000e+02, 1.034e-01 ],
            [ 5.00000e+02, 9.443e-02 ],
            [ 6.00000e+02, 8.732e-02 ],
            [ 8.00000e+02, 7.668e-02 ],
            [ 1.00000e+03, 6.894e-02 ],
            [ 1.25000e+03, 6.166e-02 ],
            [ 1.50000e+03, 5.611e-02 ],
            [ 2.00000e+03, 4.810e-02 ],
            [ 3.00000e+03, 3.848e-02 ],
            [ 4.00000e+03, 3.282e-02 ],
            [ 5.00000e+03, 2.907e-02 ],
            [ 6.00000e+03, 2.641e-02 ],
            [ 8.00000e+03, 2.290e-02 ],
            [ 1.00000e+04, 2.069e-02 ],
            [ 1.50000e+04, 1.770e-02 ],
            [ 2.00000e+04, 1.624e-02 ]
        ]
    }
}
