{
    "density": 1.000e+00,
    "name": "Water, Liquid",
    "type-id": 30,
    "parameters": {
        "data": [
            [ 1.00000e+00, 4.078e+03 ],
            [ 1.50000e+00, 1.376e+03 ],
            [ 2.00000e+00, 6.173e+02 ],
            [ 3.00000e+00, 1.929e+02 ],
            [ 4.00000e+00, 8.278e+01 ],
            [ 5.00000e+00, 4.258e+01 ],
            [ 6.00000e+00, 2.464e+01 ],
            [ 8.00000e+00, 1.037e+01 ],
            [ 1.00000e+01, 5.329e+00 ],
            [ 1.50000e+01, 1.673e+00 ],
            [ 2.00000e+01, 8.096e-01 ],
            [ 3.00000e+01, 3.756e-01 ],
            [ 4.00000e+01, 2.683e-01 ],
            [ 5.00000e+01, 2.269e-01 ],
            [ 6.00000e+01, 2.059e-01 ],
            [ 8.00000e+01, 1.837e-01 ],
            [ 1.00000e+02, 1.707e-01 ],
            [ 1.50000e+02, 1.505e-01 ],
            [ 2.00000e+02, 1.370e-01 ],
            [ 3.00000e+02, 1.186e-01 ],
            [ 4.00000e+02, 1.061e-01 ],
            [ 5.00000e+02, 9.687e-02 ],
            [ 6.00000e+02, 8.956e-02 ],
            [ 8.00000e+02, 7.865e-02 ],
            [ 1.00000e+03, 7.072e-02 ],
            [ 1.25000e+03, 6.323e-02 ],
            [ 1.50000e+03, 5.754e-02 ],
            [ 2.00000e+03, 4.942e-02 ],
            [ 3.00000e+03, 3.969e-02 ],
            [ 4.00000e+03, 3.403e-02 ],
            [ 5.00000e+03, 3.031e-02 ],
            [ 6.00000e+03, 2.770e-02 ],
            [ 8.00000e+03, 2.429e-02 ],
            [ 1.00000e+04, 2.219e-02 ],
            [ 1.50000e+04, 1.941e-02 ],
            [ 2.00000e+04, 1.813e-02 ]
        ]
    }
}
