{
    "density": 8.375e-05,
    "name": "Hydrogen",
    "type-id": 30,
    "parameters": {
        "data": [
            [ 1.00000e+00, 7.217e+00 ],
            [ 1.50000e+00, 2.148e+00 ],
            [ 2.00000e+00, 1.059e+00 ],
            [ 3.00000e+00, 5.612e-01 ],
            [ 4.00000e+00, 4.546e-01 ],
            [ 5.00000e+00, 4.193e-01 ],
            [ 6.00000e+00, 4.042e-01 ],
            [ 8.00000e+00, 3.914e-01 ],
            [ 1.00000e+01, 3.854e-01 ],
            [ 1.50000e+01, 3.764e-01 ],
            [ 2.00000e+01, 3.695e-01 ],
            [ 3.00000e+01, 3.570e-01 ],
            [ 4.00000e+01, 3.458e-01 ],
            [ 5.00000e+01, 3.355e-01 ],
            [ 6.00000e+01, 3.260e-01 ],
            [ 8.00000e+01, 3.091e-01 ],
            [ 1.00000e+02, 2.944e-01 ],
            [ 1.50000e+02, 2.651e-01 ],
            [ 2.00000e+02, 2.429e-01 ],
            [ 3.00000e+02, 2.112e-01 ],
            [ 4.00000e+02, 1.893e-01 ],
            [ 5.00000e+02, 1.729e-01 ],
            [ 6.00000e+02, 1.599e-01 ],
            [ 8.00000e+02, 1.405e-01 ],
            [ 1.00000e+03, 1.263e-01 ],
            [ 1.25000e+03, 1.129e-01 ],
            [ 1.50000e+03, 1.027e-01 ],
            [ 2.00000e+03, 8.769e-02 ],
            [ 3.00000e+03, 6.921e-02 ],
            [ 4.00000e+03, 5.806e-02 ],
            [ 5.00000e+03, 5.049e-02 ],
            [ 6.00000e+03, 4.498e-02 ],
            [ 8.00000e+03, 3.746e-02 ],
            [ 1.00000e+04, 3.254e-02 ],
            [ 1.50000e+04, 2.539e-02 ],
            [ 2.00000e+04, 2.153e-02 ]
        ]
    }
}
