{
    "density": 1.663e-04,
    "name": "Helium",
    "type-id": 30,
    "parameters": {
        "data": [
            [ 1.00000e+00, 6.084e+01 ],
            [ 1.50000e+00, 1.676e+01 ],
            [ 2.00000e+00, 6.863e+00 ],
            [ 3.00000e+00, 2.007e+00 ],
            [ 4.00000e+00, 9.329e-01 ],
            [ 5.00000e+00, 5.766e-01 ],
            [ 6.00000e+00, 4.195e-01 ],
            [ 8.00000e+00, 2.933e-01 ],
            [ 1.00000e+01, 2.476e-01 ],
            [ 1.50000e+01, 2.092e-01 ],
            [ 2.00000e+01, 1.960e-01 ],
            [ 3.00000e+01, 1.838e-01 ],
            [ 4.00000e+01, 1.763e-01 ],
            [ 5.00000e+01, 1.703e-01 ],
            [ 6.00000e+01, 1.651e-01 ],
            [ 8.00000e+01, 1.562e-01 ],
            [ 1.00000e+02, 1.486e-01 ],
            [ 1.50000e+02, 1.336e-01 ],
            [ 2.00000e+02, 1.224e-01 ],
            [ 3.00000e+02, 1.064e-01 ],
            [ 4.00000e+02, 9.535e-02 ],
            [ 5.00000e+02, 8.707e-02 ],
            [ 6.00000e+02, 8.054e-02 ],
            [ 8.00000e+02, 7.076e-02 ],
            [ 1.00000e+03, 6.362e-02 ],
            [ 1.25000e+03, 5.688e-02 ],
            [ 1.50000e+03, 5.173e-02 ],
            [ 2.00000e+03, 4.422e-02 ],
            [ 3.00000e+03, 3.503e-02 ],
            [ 4.00000e+03, 2.949e-02 ],
            [ 5.00000e+03, 2.577e-02 ],
            [ 6.00000e+03, 2.307e-02 ],
            [ 8.00000e+03, 1.940e-02 ],
            [ 1.00000e+04, 1.703e-02 ],
            [ 1.50000e+04, 1.363e-02 ],
            [ 2.00000e+04, 1.183e-02 ]
        ]
    }
}
