{
    "density": 5.340e-01,
    "name": "Lithium",
    "type-id": 30,
    "parameters": {
        "data": [
            [ 1.00000e+00, 2.339e+02 ],
            [ 1.50000e+00, 6.668e+01 ],
            [ 2.00000e+00, 2.707e+01 ],
            [ 3.00000e+00, 7.549e+00 ],
            [ 4.00000e+00, 3.114e+00 ],
            [ 5.00000e+00, 1.619e+00 ],
            [ 6.00000e+00, 9.875e-01 ],
            [ 8.00000e+00, 5.054e-01 ],
            [ 1.00000e+01, 3.395e-01 ],
            [ 1.50000e+01, 2.176e-01 ],
            [ 2.00000e+01, 1.856e-01 ],
            [ 3.00000e+01, 1.644e-01 ],
            [ 4.00000e+01, 1.551e-01 ],
            [ 5.00000e+01, 1.488e-01 ],
            [ 6.00000e+01, 1.438e-01 ],
            [ 8.00000e+01, 1.356e-01 ],
            [ 1.00000e+02, 1.289e-01 ],
            [ 1.50000e+02, 1.158e-01 ],
            [ 2.00000e+02, 1.060e-01 ],
            [ 3.00000e+02, 9.210e-02 ],
            [ 4.00000e+02, 8.249e-02 ],
            [ 5.00000e+02, 7.532e-02 ],
            [ 6.00000e+02, 6.968e-02 ],
            [ 8.00000e+02, 6.121e-02 ],
            [ 1.00000e+03, 5.503e-02 ],
            [ 1.25000e+03, 4.921e-02 ],
            [ 1.50000e+03, 4.476e-02 ],
            [ 2.00000e+03, 3.830e-02 ],
            [ 3.00000e+03, 3.043e-02 ],
            [ 4.00000e+03, 2.572e-02 ],
            [ 5.00000e+03, 2.257e-02 ],
            [ 6.00000e+03, 2.030e-02 ],
            [ 8.00000e+03, 1.725e-02 ],
            [ 1.00000e+04, 1.529e-02 ],
            [ 1.50000e+04, 1.252e-02 ],
            [ 2.00000e+04, 1.109e-02 ]
        ]
    }
}
