{
    "density": 1.848e+00,
    "name": "Beryllium",
    "type-id": 30,
    "parameters": {
        "data": [
            [ 1.00000e+00, 6.041e+02 ],
            [ 1.50000e+00, 1.797e+02 ],
            [ 2.00000e+00, 7.469e+01 ],
            [ 3.00000e+00, 2.127e+01 ],
            [ 4.00000e+00, 8.685e+00 ],
            [ 5.00000e+00, 4.369e+00 ],
            [ 6.00000e+00, 2.527e+00 ],
            [ 8.00000e+00, 1.124e+00 ],
            [ 1.00000e+01, 6.466e-01 ],
            [ 1.50000e+01, 3.070e-01 ],
            [ 2.00000e+01, 2.251e-01 ],
            [ 3.00000e+01, 1.792e-01 ],
            [ 4.00000e+01, 1.640e-01 ],
            [ 5.00000e+01, 1.554e-01 ],
            [ 6.00000e+01, 1.493e-01 ],
            [ 8.00000e+01, 1.401e-01 ],
            [ 1.00000e+02, 1.328e-01 ],
            [ 1.50000e+02, 1.190e-01 ],
            [ 2.00000e+02, 1.089e-01 ],
            [ 3.00000e+02, 9.463e-02 ],
            [ 4.00000e+02, 8.471e-02 ],
            [ 5.00000e+02, 7.739e-02 ],
            [ 6.00000e+02, 7.155e-02 ],
            [ 8.00000e+02, 6.286e-02 ],
            [ 1.00000e+03, 5.652e-02 ],
            [ 1.25000e+03, 5.054e-02 ],
            [ 1.50000e+03, 4.597e-02 ],
            [ 2.00000e+03, 3.938e-02 ],
            [ 3.00000e+03, 3.138e-02 ],
            [ 4.00000e+03, 2.664e-02 ],
            [ 5.00000e+03, 2.347e-02 ],
            [ 6.00000e+03, 2.121e-02 ],
            [ 8.00000e+03, 1.819e-02 ],
            [ 1.00000e+04, 1.627e-02 ],
            [ 1.50000e+04, 1.361e-02 ],
            [ 2.00000e+04, 1.227e-02 ]
        ]
    }
}
