{
    "density": 2.370e+00,
    "name": "Boron",
    "type-id": 30,
    "parameters": {
        "data": [
            [ 1.00000e+00, 1.229e+03 ],
            [ 1.50000e+00, 3.766e+02 ],
            [ 2.00000e+00, 1.597e+02 ],
            [ 3.00000e+00, 4.667e+01 ],
            [ 4.00000e+00, 1.927e+01 ],
            [ 5.00000e+00, 9.683e+00 ],
            [ 6.00000e+00, 5.538e+00 ],
            [ 8.00000e+00, 2.346e+00 ],
            [ 1.00000e+01, 1.255e+00 ],
            [ 1.50000e+01, 4.827e-01 ],
            [ 2.00000e+01, 3.014e-01 ],
            [ 3.00000e+01, 2.063e-01 ],
            [ 4.00000e+01, 1.793e-01 ],
            [ 5.00000e+01, 1.665e-01 ],
            [ 6.00000e+01, 1.583e-01 ],
            [ 8.00000e+01, 1.472e-01 ],
            [ 1.00000e+02, 1.391e-01 ],
            [ 1.50000e+02, 1.243e-01 ],
            [ 2.00000e+02, 1.136e-01 ],
            [ 3.00000e+02, 9.862e-02 ],
            [ 4.00000e+02, 8.834e-02 ],
            [ 5.00000e+02, 8.065e-02 ],
            [ 6.00000e+02, 7.460e-02 ],
            [ 8.00000e+02, 6.549e-02 ],
            [ 1.00000e+03, 5.890e-02 ],
            [ 1.25000e+03, 5.266e-02 ],
            [ 1.50000e+03, 4.791e-02 ],
            [ 2.00000e+03, 4.108e-02 ],
            [ 3.00000e+03, 3.284e-02 ],
            [ 4.00000e+03, 2.798e-02 ],
            [ 5.00000e+03, 2.476e-02 ],
            [ 6.00000e+03, 2.248e-02 ],
            [ 8.00000e+03, 1.945e-02 ],
            [ 1.00000e+04, 1.755e-02 ],
            [ 1.50000e+04, 1.495e-02 ],
            [ 2.00000e+04, 1.368e-02 ]
        ]
    }
}
