{
    "density": 1.700e+00,
    "name": "Carbon, Graphite",
    "type-id": 30,
    "parameters": {
        "data": [
            [ 1.00000e+00, 2.211e+03 ],
            [ 1.50000e+00, 7.002e+02 ],
            [ 2.00000e+00, 3.026e+02 ],
            [ 3.00000e+00, 9.033e+01 ],
            [ 4.00000e+00, 3.778e+01 ],
            [ 5.00000e+00, 1.912e+01 ],
            [ 6.00000e+00, 1.095e+01 ],
            [ 8.00000e+00, 4.576e+00 ],
            [ 1.00000e+01, 2.373e+00 ],
            [ 1.50000e+01, 8.071e-01 ],
            [ 2.00000e+01, 4.420e-01 ],
            [ 3.00000e+01, 2.562e-01 ],
            [ 4.00000e+01, 2.076e-01 ],
            [ 5.00000e+01, 1.871e-01 ],
            [ 6.00000e+01, 1.753e-01 ],
            [ 8.00000e+01, 1.610e-01 ],
            [ 1.00000e+02, 1.514e-01 ],
            [ 1.50000e+02, 1.347e-01 ],
            [ 2.00000e+02, 1.229e-01 ],
            [ 3.00000e+02, 1.066e-01 ],
            [ 4.00000e+02, 9.546e-02 ],
            [ 5.00000e+02, 8.715e-02 ],
            [ 6.00000e+02, 8.058e-02 ],
            [ 8.00000e+02, 7.076e-02 ],
            [ 1.00000e+03, 6.361e-02 ],
            [ 1.25000e+03, 5.690e-02 ],
            [ 1.50000e+03, 5.179e-02 ],
            [ 2.00000e+03, 4.442e-02 ],
            [ 3.00000e+03, 3.562e-02 ],
            [ 4.00000e+03, 3.047e-02 ],
            [ 5.00000e+03, 2.708e-02 ],
            [ 6.00000e+03, 2.469e-02 ],
            [ 8.00000e+03, 2.154e-02 ],
            [ 1.00000e+04, 1.959e-02 ],
            [ 1.50000e+04, 1.698e-02 ],
            [ 2.00000e+04, 1.575e-02 ]
        ]
    }
}
