{
    "density": 1.165e-03,
    "name": "Nitrogen",
    "type-id": 30,
    "parameters": {
        "data": [
            [ 1.00000e+00, 3.311e+03 ],
            [ 1.50000e+00, 1.083e+03 ],
            [ 2.00000e+00, 4.769e+02 ],
            [ 3.00000e+00, 1.456e+02 ],
            [ 4.00000e+00, 6.166e+01 ],
            [ 5.00000e+00, 3.144e+01 ],
            [ 6.00000e+00, 1.809e+01 ],
            [ 8.00000e+00, 7.562e+00 ],
            [ 1.00000e+01, 3.879e+00 ],
            [ 1.50000e+01, 1.236e+00 ],
            [ 2.00000e+01, 6.178e-01 ],
            [ 3.00000e+01, 3.066e-01 ],
            [ 4.00000e+01, 2.288e-01 ],
            [ 5.00000e+01, 1.980e-01 ],
            [ 6.00000e+01, 1.817e-01 ],
            [ 8.00000e+01, 1.639e-01 ],
            [ 1.00000e+02, 1.529e-01 ],
            [ 1.50000e+02, 1.353e-01 ],
            [ 2.00000e+02, 1.233e-01 ],
            [ 3.00000e+02, 1.068e-01 ],
            [ 4.00000e+02, 9.557e-02 ],
            [ 5.00000e+02, 8.719e-02 ],
            [ 6.00000e+02, 8.063e-02 ],
            [ 8.00000e+02, 7.081e-02 ],
            [ 1.00000e+03, 6.364e-02 ],
            [ 1.25000e+03, 5.693e-02 ],
            [ 1.50000e+03, 5.180e-02 ],
            [ 2.00000e+03, 4.450e-02 ],
            [ 3.00000e+03, 3.579e-02 ],
            [ 4.00000e+03, 3.073e-02 ],
            [ 5.00000e+03, 2.742e-02 ],
            [ 6.00000e+03, 2.511e-02 ],
            [ 8.00000e+03, 2.209e-02 ],
            [ 1.00000e+04, 2.024e-02 ],
            [ 1.50000e+04, 1.782e-02 ],
            [ 2.00000e+04, 1.673e-02 ]
        ]
    }
}
