{
    "density": 1.332e-03,
    "name": "Oxygen",
    "type-id": 30,
    "parameters": {
        "data": [
            [ 1.00000e+00, 4.590e+03 ],
            [ 1.50000e+00, 1.549e+03 ],
            [ 2.00000e+00, 6.949e+02 ],
            [ 3.00000e+00, 2.171e+02 ],
            [ 4.00000e+00, 9.315e+01 ],
            [ 5.00000e+00, 4.790e+01 ],
            [ 6.00000e+00, 2.770e+01 ],
            [ 8.00000e+00, 1.163e+01 ],
            [ 1.00000e+01, 5.952e+00 ],
            [ 1.50000e+01, 1.836e+00 ],
            [ 2.00000e+01, 8.651e-01 ],
            [ 3.00000e+01, 3.779e-01 ],
            [ 4.00000e+01, 2.585e-01 ],
            [ 5.00000e+01, 2.132e-01 ],
            [ 6.00000e+01, 1.907e-01 ],
            [ 8.00000e+01, 1.678e-01 ],
            [ 1.00000e+02, 1.551e-01 ],
            [ 1.50000e+02, 1.361e-01 ],
            [ 2.00000e+02, 1.237e-01 ],
            [ 3.00000e+02, 1.070e-01 ],
            [ 4.00000e+02, 9.566e-02 ],
            [ 5.00000e+02, 8.729e-02 ],
            [ 6.00000e+02, 8.070e-02 ],
            [ 8.00000e+02, 7.087e-02 ],
            [ 1.00000e+03, 6.372e-02 ],
            [ 1.25000e+03, 5.697e-02 ],
            [ 1.50000e+03, 5.185e-02 ],
            [ 2.00000e+03, 4.459e-02 ],
            [ 3.00000e+03, 3.597e-02 ],
            [ 4.00000e+03, 3.100e-02 ],
            [ 5.00000e+03, 2.777e-02 ],
            [ 6.00000e+03, 2.552e-02 ],
            [ 8.00000e+03, 2.263e-02 ],
            [ 1.00000e+04, 2.089e-02 ],
            [ 1.50000e+04, 1.866e-02 ],
            [ 2.00000e+04, 1.770e-02 ]
        ]
    }
}
