{
    "density": 1.580e-03,
    "name": "Fluorine",
    "type-id": 30,
    "parameters": {
        "data": [
            [ 1.00000e+00, 5.649e+03 ],
            [ 1.50000e+00, 1.979e+03 ],
            [ 2.00000e+00, 9.047e+02 ],
            [ 3.00000e+00, 2.888e+02 ],
            [ 4.00000e+00, 1.256e+02 ],
            [ 5.00000e+00, 6.514e+01 ],
            [ 6.00000e+00, 3.789e+01 ],
            [ 8.00000e+00, 1.602e+01 ],
            [ 1.00000e+01, 8.205e+00 ],
            [ 1.50000e+01, 2.492e+00 ],
            [ 2.00000e+01, 1.133e+00 ],
            [ 3.00000e+01, 4.487e-01 ],
            [ 4.00000e+01, 2.828e-01 ],
            [ 5.00000e+01, 2.214e-01 ],
            [ 6.00000e+01, 1.920e-01 ],
            [ 8.00000e+01, 1.639e-01 ],
            [ 1.00000e+02, 1.496e-01 ],
            [ 1.50000e+02, 1.298e-01 ],
            [ 2.00000e+02, 1.176e-01 ],
            [ 3.00000e+02, 1.015e-01 ],
            [ 4.00000e+02, 9.073e-02 ],
            [ 5.00000e+02, 8.274e-02 ],
            [ 6.00000e+02, 7.649e-02 ],
            [ 8.00000e+02, 6.717e-02 ],
            [ 1.00000e+03, 6.037e-02 ],
            [ 1.25000e+03, 5.399e-02 ],
            [ 1.50000e+03, 4.915e-02 ],
            [ 2.00000e+03, 4.228e-02 ],
            [ 3.00000e+03, 3.422e-02 ],
            [ 4.00000e+03, 2.960e-02 ],
            [ 5.00000e+03, 2.663e-02 ],
            [ 6.00000e+03, 2.457e-02 ],
            [ 8.00000e+03, 2.195e-02 ],
            [ 1.00000e+04, 2.039e-02 ],
            [ 1.50000e+04, 1.846e-02 ],
            [ 2.00000e+04, 1.769e-02 ]
        ]
    }
}
