{
    "density": 8.385e-04,
    "name": "Neon",
    "type-id": 30,
    "parameters": {
        "data": [
            [ 1.00000e+00, 7.409e+03 ],
            [ 1.50000e+00, 2.666e+03 ],
            [ 2.00000e+00, 1.243e+03 ],
            [ 3.00000e+00, 4.051e+02 ],
            [ 4.00000e+00, 1.785e+02 ],
            [ 5.00000e+00, 9.339e+01 ],
            [ 6.00000e+00, 5.467e+01 ],
            [ 8.00000e+00, 2.328e+01 ],
            [ 1.00000e+01, 1.197e+01 ],
            [ 1.50000e+01, 3.613e+00 ],
            [ 2.00000e+01, 1.606e+00 ],
            [ 3.00000e+01, 5.923e-01 ],
            [ 4.00000e+01, 3.473e-01 ],
            [ 5.00000e+01, 2.579e-01 ],
            [ 6.00000e+01, 2.161e-01 ],
            [ 8.00000e+01, 1.781e-01 ],
            [ 1.00000e+02, 1.600e-01 ],
            [ 1.50000e+02, 1.370e-01 ],
            [ 2.00000e+02, 1.236e-01 ],
            [ 3.00000e+02, 1.064e-01 ],
            [ 4.00000e+02, 9.502e-02 ],
            [ 5.00000e+02, 8.664e-02 ],
            [ 6.00000e+02, 8.006e-02 ],
            [ 8.00000e+02, 7.029e-02 ],
            [ 1.00000e+03, 6.316e-02 ],
            [ 1.25000e+03, 5.646e-02 ],
            [ 1.50000e+03, 5.145e-02 ],
            [ 2.00000e+03, 4.430e-02 ],
            [ 3.00000e+03, 3.594e-02 ],
            [ 4.00000e+03, 3.122e-02 ],
            [ 5.00000e+03, 2.818e-02 ],
            [ 6.00000e+03, 2.610e-02 ],
            [ 8.00000e+03, 2.348e-02 ],
            [ 1.00000e+04, 2.197e-02 ],
            [ 1.50000e+04, 2.013e-02 ],
            [ 2.00000e+04, 1.946e-02 ]
        ]
    }
}
