{
    "density": 9.710e-01,
    "name": "Sodium",
    "type-id": 30,
    "parameters": {
        "data": [
            [ 1.00000e+00, 6.542e+02 ],
            [ 1.03542e+00, 5.960e+02 ],
            [ 1.07209e+00, 5.429e+02 ],
            [ 1.07210e+00, 6.435e+03 ],
            [ 1.50000e+00, 3.194e+03 ],
            [ 2.00000e+00, 1.521e+03 ],
            [ 3.00000e+00, 5.070e+02 ],
            [ 4.00000e+00, 2.261e+02 ],
            [ 5.00000e+00, 1.194e+02 ],
            [ 6.00000e+00, 7.030e+01 ],
            [ 8.00000e+00, 3.018e+01 ],
            [ 1.00000e+01, 1.557e+01 ],
            [ 1.50000e+01, 4.694e+00 ],
            [ 2.00000e+01, 2.057e+00 ],
            [ 3.00000e+01, 7.197e-01 ],
            [ 4.00000e+01, 3.969e-01 ],
            [ 5.00000e+01, 2.804e-01 ],
            [ 6.00000e+01, 2.268e-01 ],
            [ 8.00000e+01, 1.796e-01 ],
            [ 1.00000e+02, 1.585e-01 ],
            [ 1.50000e+02, 1.335e-01 ],
            [ 2.00000e+02, 1.199e-01 ],
            [ 3.00000e+02, 1.029e-01 ],
            [ 4.00000e+02, 9.185e-02 ],
            [ 5.00000e+02, 8.372e-02 ],
            [ 6.00000e+02, 7.736e-02 ],
            [ 8.00000e+02, 6.788e-02 ],
            [ 1.00000e+03, 6.100e-02 ],
            [ 1.25000e+03, 5.454e-02 ],
            [ 1.50000e+03, 4.968e-02 ],
            [ 2.00000e+03, 4.282e-02 ],
            [ 3.00000e+03, 3.487e-02 ],
            [ 4.00000e+03, 3.037e-02 ],
            [ 5.00000e+03, 2.753e-02 ],
            [ 6.00000e+03, 2.559e-02 ],
            [ 8.00000e+03, 2.319e-02 ],
            [ 1.00000e+04, 2.181e-02 ],
            [ 1.50000e+04, 2.023e-02 ],
            [ 2.00000e+04, 1.970e-02 ]
        ]
    }
}
