{
    "density": 1.740e+00,
    "name": "Magnesium",
    "type-id": 30,
    "parameters": {
        "data": [
            [ 1.00000e+00, 9.225e+02 ],
            [ 1.14237e+00, 6.474e+02 ],
            [ 1.30499e+00, 4.530e+02 ],
            [ 1.30500e+00, 5.444e+03 ],
            [ 1.50000e+00, 4.004e+03 ],
            [ 2.00000e+00, 1.932e+03 ],
            [ 3.00000e+00, 6.585e+02 ],
            [ 4.00000e+00, 2.974e+02 ],
            [ 5.00000e+00, 1.583e+02 ],
            [ 6.00000e+00, 9.381e+01 ],
            [ 8.00000e+00, 4.061e+01 ],
            [ 1.00000e+01, 2.105e+01 ],
            [ 1.50000e+01, 6.358e+00 ],
            [ 2.00000e+01, 2.763e+00 ],
            [ 3.00000e+01, 9.306e-01 ],
            [ 4.00000e+01, 4.881e-01 ],
            [ 5.00000e+01, 3.292e-01 ],
            [ 6.00000e+01, 2.570e-01 ],
            [ 8.00000e+01, 1.951e-01 ],
            [ 1.00000e+02, 1.686e-01 ],
            [ 1.50000e+02, 1.394e-01 ],
            [ 2.00000e+02, 1.245e-01 ],
            [ 3.00000e+02, 1.065e-01 ],
            [ 4.00000e+02, 9.492e-02 ],
            [ 5.00000e+02, 8.647e-02 ],
            [ 6.00000e+02, 7.988e-02 ],
            [ 8.00000e+02, 7.008e-02 ],
            [ 1.00000e+03, 6.296e-02 ],
            [ 1.25000e+03, 5.629e-02 ],
            [ 1.50000e+03, 5.129e-02 ],
            [ 2.00000e+03, 4.426e-02 ],
            [ 3.00000e+03, 3.613e-02 ],
            [ 4.00000e+03, 3.159e-02 ],
            [ 5.00000e+03, 2.873e-02 ],
            [ 6.00000e+03, 2.681e-02 ],
            [ 8.00000e+03, 2.445e-02 ],
            [ 1.00000e+04, 2.313e-02 ],
            [ 1.50000e+04, 2.168e-02 ],
            [ 2.00000e+04, 2.127e-02 ]
        ]
    }
}
