{
    "density": 2.699e+00,
    "name": "Aluminum",
    "type-id": 30,
    "parameters": {
        "data": [
            [ 1.00000e+00, 1.185e+03 ],
            [ 1.50000e+00, 4.022e+02 ],
            [ 1.55959e+00, 3.621e+02 ],
            [ 1.55960e+00, 3.957e+03 ],
            [ 2.00000e+00, 2.263e+03 ],
            [ 3.00000e+00, 7.880e+02 ],
            [ 4.00000e+00, 3.605e+02 ],
            [ 5.00000e+00, 1.934e+02 ],
            [ 6.00000e+00, 1.153e+02 ],
            [ 8.00000e+00, 5.033e+01 ],
            [ 1.00000e+01, 2.623e+01 ],
            [ 1.50000e+01, 7.955e+00 ],
            [ 2.00000e+01, 3.441e+00 ],
            [ 3.00000e+01, 1.128e+00 ],
            [ 4.00000e+01, 5.685e-01 ],
            [ 5.00000e+01, 3.681e-01 ],
            [ 6.00000e+01, 2.778e-01 ],
            [ 8.00000e+01, 2.018e-01 ],
            [ 1.00000e+02, 1.704e-01 ],
            [ 1.50000e+02, 1.378e-01 ],
            [ 2.00000e+02, 1.223e-01 ],
            [ 3.00000e+02, 1.042e-01 ],
            [ 4.00000e+02, 9.276e-02 ],
            [ 5.00000e+02, 8.445e-02 ],
            [ 6.00000e+02, 7.802e-02 ],
            [ 8.00000e+02, 6.841e-02 ],
            [ 1.00000e+03, 6.146e-02 ],
            [ 1.25000e+03, 5.496e-02 ],
            [ 1.50000e+03, 5.006e-02 ],
            [ 2.00000e+03, 4.324e-02 ],
            [ 3.00000e+03, 3.541e-02 ],
            [ 4.00000e+03, 3.106e-02 ],
            [ 5.00000e+03, 2.836e-02 ],
            [ 6.00000e+03, 2.655e-02 ],
            [ 8.00000e+03, 2.437e-02 ],
            [ 1.00000e+04, 2.318e-02 ],
            [ 1.50000e+04, 2.195e-02 ],
            [ 2.00000e+04, 2.168e-02 ]
        ]
    }
}
