{
    "density": 2.330e+00,
    "name": "Silicon",
    "type-id": 30,
    "parameters": {
        "data": [
            [ 1.00000e+00, 1.570e+03 ],
            [ 1.50000e+00, 5.355e+02 ],
            [ 1.83889e+00, 3.092e+02 ],
            [ 1.83890e+00, 3.192e+03 ],
            [ 2.00000e+00, 2.777e+03 ],
            [ 3.00000e+00, 9.784e+02 ],
            [ 4.00000e+00, 4.529e+02 ],
            [ 5.00000e+00, 2.450e+02 ],
            [ 6.00000e+00, 1.470e+02 ],
            [ 8.00000e+00, 6.468e+01 ],
            [ 1.00000e+01, 3.389e+01 ],
            [ 1.50000e+01, 1.034e+01 ],
            [ 2.00000e+01, 4.464e+00 ],
            [ 3.00000e+01, 1.436e+00 ],
            [ 4.00000e+01, 7.012e-01 ],
            [ 5.00000e+01, 4.385e-01 ],
            [ 6.00000e+01, 3.207e-01 ],
            [ 8.00000e+01, 2.228e-01 ],
            [ 1.00000e+02, 1.835e-01 ],
            [ 1.50000e+02, 1.448e-01 ],
            [ 2.00000e+02, 1.275e-01 ],
            [ 3.00000e+02, 1.082e-01 ],
            [ 4.00000e+02, 9.614e-02 ],
            [ 5.00000e+02, 8.748e-02 ],
            [ 6.00000e+02, 8.077e-02 ],
            [ 8.00000e+02, 7.082e-02 ],
            [ 1.00000e+03, 6.361e-02 ],
            [ 1.25000e+03, 5.688e-02 ],
            [ 1.50000e+03, 5.183e-02 ],
            [ 2.00000e+03, 4.480e-02 ],
            [ 3.00000e+03, 3.678e-02 ],
            [ 4.00000e+03, 3.240e-02 ],
            [ 5.00000e+03, 2.967e-02 ],
            [ 6.00000e+03, 2.788e-02 ],
            [ 8.00000e+03, 2.574e-02 ],
            [ 1.00000e+04, 2.462e-02 ],
            [ 1.50000e+04, 2.352e-02 ],
            [ 2.00000e+04, 2.338e-02 ]
        ]
    }
}
