{
    "density": 2.200e+00,
    "name": "Phosphorus",
    "type-id": 30,
    "parameters": {
        "data": [
            [ 1.00000e+00, 1.913e+03 ],
            [ 1.50000e+00, 6.547e+02 ],
            [ 2.00000e+00, 3.018e+02 ],
            [ 2.14549e+00, 2.494e+02 ],
            [ 2.14550e+00, 2.473e+03 ],
            [ 3.00000e+00, 1.118e+03 ],
            [ 4.00000e+00, 5.242e+02 ],
            [ 5.00000e+00, 2.860e+02 ],
            [ 6.00000e+00, 1.726e+02 ],
            [ 8.00000e+00, 7.660e+01 ],
            [ 1.00000e+01, 4.035e+01 ],
            [ 1.50000e+01, 1.239e+01 ],
            [ 2.00000e+01, 5.352e+00 ],
            [ 3.00000e+01, 1.700e+00 ],
            [ 4.00000e+01, 8.096e-01 ],
            [ 5.00000e+01, 4.916e-01 ],
            [ 6.00000e+01, 3.494e-01 ],
            [ 8.00000e+01, 2.324e-01 ],
            [ 1.00000e+02, 1.865e-01 ],
            [ 1.50000e+02, 1.432e-01 ],
            [ 2.00000e+02, 1.250e-01 ],
            [ 3.00000e+02, 1.055e-01 ],
            [ 4.00000e+02, 9.359e-02 ],
            [ 5.00000e+02, 8.511e-02 ],
            [ 6.00000e+02, 7.854e-02 ],
            [ 8.00000e+02, 6.884e-02 ],
            [ 1.00000e+03, 6.182e-02 ],
            [ 1.25000e+03, 5.526e-02 ],
            [ 1.50000e+03, 5.039e-02 ],
            [ 2.00000e+03, 4.358e-02 ],
            [ 3.00000e+03, 3.590e-02 ],
            [ 4.00000e+03, 3.172e-02 ],
            [ 5.00000e+03, 2.915e-02 ],
            [ 6.00000e+03, 2.747e-02 ],
            [ 8.00000e+03, 2.552e-02 ],
            [ 1.00000e+04, 2.452e-02 ],
            [ 1.50000e+04, 2.364e-02 ],
            [ 2.00000e+04, 2.363e-02 ]
        ]
    }
}
