{
    "density": 2.000e+00,
    "name": "Sulfur",
    "type-id": 30,
    "parameters": {
        "data": [
            [ 1.00000e+00, 2.429e+03 ],
            [ 1.50000e+00, 8.342e+02 ],
            [ 2.00000e+00, 3.853e+02 ],
            [ 2.47199e+00, 2.168e+02 ],
            [ 2.47200e+00, 2.070e+03 ],
            [ 3.00000e+00, 1.339e+03 ],
            [ 4.00000e+00, 6.338e+02 ],
            [ 5.00000e+00, 3.487e+02 ],
            [ 6.00000e+00, 2.116e+02 ],
            [ 8.00000e+00, 9.465e+01 ],
            [ 1.00000e+01, 5.012e+01 ],
            [ 1.50000e+01, 1.550e+01 ],
            [ 2.00000e+01, 6.708e+00 ],
            [ 3.00000e+01, 2.113e+00 ],
            [ 4.00000e+01, 9.872e-01 ],
            [ 5.00000e+01, 5.849e-01 ],
            [ 6.00000e+01, 4.053e-01 ],
            [ 8.00000e+01, 2.585e-01 ],
            [ 1.00000e+02, 2.020e-01 ],
            [ 1.50000e+02, 1.506e-01 ],
            [ 2.00000e+02, 1.302e-01 ],
            [ 3.00000e+02, 1.091e-01 ],
            [ 4.00000e+02, 9.665e-02 ],
            [ 5.00000e+02, 8.781e-02 ],
            [ 6.00000e+02, 8.102e-02 ],
            [ 8.00000e+02, 7.098e-02 ],
            [ 1.00000e+03, 6.373e-02 ],
            [ 1.25000e+03, 5.697e-02 ],
            [ 1.50000e+03, 5.193e-02 ],
            [ 2.00000e+03, 4.498e-02 ],
            [ 3.00000e+03, 3.715e-02 ],
            [ 4.00000e+03, 3.293e-02 ],
            [ 5.00000e+03, 3.036e-02 ],
            [ 6.00000e+03, 2.872e-02 ],
            [ 8.00000e+03, 2.682e-02 ],
            [ 1.00000e+04, 2.589e-02 ],
            [ 1.50000e+04, 2.517e-02 ],
            [ 2.00000e+04, 2.529e-02 ]
        ]
    }
}
