{
    "density": 2.995e-03,
    "name": "Chlorine",
    "type-id": 30,
    "parameters": {
        "data": [
            [ 1.00000e+00, 2.832e+03 ],
            [ 1.50000e+00, 9.771e+02 ],
            [ 2.00000e+00, 4.520e+02 ],
            [ 2.82239e+00, 1.774e+02 ],
            [ 2.82240e+00, 1.637e+03 ],
            [ 3.00000e+00, 1.473e+03 ],
            [ 4.00000e+00, 7.037e+02 ],
            [ 5.00000e+00, 3.901e+02 ],
            [ 6.00000e+00, 2.384e+02 ],
            [ 8.00000e+00, 1.075e+02 ],
            [ 1.00000e+01, 5.725e+01 ],
            [ 1.50000e+01, 1.784e+01 ],
            [ 2.00000e+01, 7.739e+00 ],
            [ 3.00000e+01, 2.425e+00 ],
            [ 4.00000e+01, 1.117e+00 ],
            [ 5.00000e+01, 6.483e-01 ],
            [ 6.00000e+01, 4.395e-01 ],
            [ 8.00000e+01, 2.696e-01 ],
            [ 1.00000e+02, 2.050e-01 ],
            [ 1.50000e+02, 1.480e-01 ],
            [ 2.00000e+02, 1.266e-01 ],
            [ 3.00000e+02, 1.054e-01 ],
            [ 4.00000e+02, 9.311e-02 ],
            [ 5.00000e+02, 8.453e-02 ],
            [ 6.00000e+02, 7.795e-02 ],
            [ 8.00000e+02, 6.826e-02 ],
            [ 1.00000e+03, 6.128e-02 ],
            [ 1.25000e+03, 5.478e-02 ],
            [ 1.50000e+03, 4.994e-02 ],
            [ 2.00000e+03, 4.328e-02 ],
            [ 3.00000e+03, 3.585e-02 ],
            [ 4.00000e+03, 3.188e-02 ],
            [ 5.00000e+03, 2.950e-02 ],
            [ 6.00000e+03, 2.798e-02 ],
            [ 8.00000e+03, 2.628e-02 ],
            [ 1.00000e+04, 2.549e-02 ],
            [ 1.50000e+04, 2.496e-02 ],
            [ 2.00000e+04, 2.520e-02 ]
        ]
    }
}
