{
    "density": 1.662e-03,
    "name": "Argon",
    "type-id": 30,
    "parameters": {
        "data": [
            [ 1.00000e+00, 3.184e+03 ],
            [ 1.50000e+00, 1.105e+03 ],
            [ 2.00000e+00, 5.120e+02 ],
            [ 3.00000e+00, 1.703e+02 ],
            [ 3.20289e+00, 1.424e+02 ],
            [ 3.20290e+00, 1.275e+03 ],
            [ 4.00000e+00, 7.572e+02 ],
            [ 5.00000e+00, 4.225e+02 ],
            [ 6.00000e+00, 2.593e+02 ],
            [ 8.00000e+00, 1.180e+02 ],
            [ 1.00000e+01, 6.316e+01 ],
            [ 1.50000e+01, 1.983e+01 ],
            [ 2.00000e+01, 8.629e+00 ],
            [ 3.00000e+01, 2.697e+00 ],
            [ 4.00000e+01, 1.228e+00 ],
            [ 5.00000e+01, 7.012e-01 ],
            [ 6.00000e+01, 4.664e-01 ],
            [ 8.00000e+01, 2.760e-01 ],
            [ 1.00000e+02, 2.043e-01 ],
            [ 1.50000e+02, 1.427e-01 ],
            [ 2.00000e+02, 1.205e-01 ],
            [ 3.00000e+02, 9.953e-02 ],
            [ 4.00000e+02, 8.776e-02 ],
            [ 5.00000e+02, 7.958e-02 ],
            [ 6.00000e+02, 7.335e-02 ],
            [ 8.00000e+02, 6.419e-02 ],
            [ 1.00000e+03, 5.762e-02 ],
            [ 1.25000e+03, 5.150e-02 ],
            [ 1.50000e+03, 4.695e-02 ],
            [ 2.00000e+03, 4.074e-02 ],
            [ 3.00000e+03, 3.384e-02 ],
            [ 4.00000e+03, 3.019e-02 ],
            [ 5.00000e+03, 2.802e-02 ],
            [ 6.00000e+03, 2.667e-02 ],
            [ 8.00000e+03, 2.517e-02 ],
            [ 1.00000e+04, 2.451e-02 ],
            [ 1.50000e+04, 2.418e-02 ],
            [ 2.00000e+04, 2.453e-02 ]
        ]
    }
}
