{
    "density": 8.620e-01,
    "name": "Potassium",
    "type-id": 30,
    "parameters": {
        "data": [
            [ 1.00000e+00, 4.058e+03 ],
            [ 1.50000e+00, 1.418e+03 ],
            [ 2.00000e+00, 6.592e+02 ],
            [ 3.00000e+00, 2.198e+02 ],
            [ 3.60739e+00, 1.327e+02 ],
            [ 3.60740e+00, 1.201e+03 ],
            [ 4.00000e+00, 9.256e+02 ],
            [ 5.00000e+00, 5.189e+02 ],
            [ 6.00000e+00, 3.205e+02 ],
            [ 8.00000e+00, 1.469e+02 ],
            [ 1.00000e+01, 7.907e+01 ],
            [ 1.50000e+01, 2.503e+01 ],
            [ 2.00000e+01, 1.093e+01 ],
            [ 3.00000e+01, 3.413e+00 ],
            [ 4.00000e+01, 1.541e+00 ],
            [ 5.00000e+01, 8.679e-01 ],
            [ 6.00000e+01, 5.678e-01 ],
            [ 8.00000e+01, 3.251e-01 ],
            [ 1.00000e+02, 2.345e-01 ],
            [ 1.50000e+02, 1.582e-01 ],
            [ 2.00000e+02, 1.319e-01 ],
            [ 3.00000e+02, 1.080e-01 ],
            [ 4.00000e+02, 9.495e-02 ],
            [ 5.00000e+02, 8.600e-02 ],
            [ 6.00000e+02, 7.922e-02 ],
            [ 8.00000e+02, 6.929e-02 ],
            [ 1.00000e+03, 6.216e-02 ],
            [ 1.25000e+03, 5.556e-02 ],
            [ 1.50000e+03, 5.068e-02 ],
            [ 2.00000e+03, 4.399e-02 ],
            [ 3.00000e+03, 3.666e-02 ],
            [ 4.00000e+03, 3.282e-02 ],
            [ 5.00000e+03, 3.054e-02 ],
            [ 6.00000e+03, 2.915e-02 ],
            [ 8.00000e+03, 2.766e-02 ],
            [ 1.00000e+04, 2.704e-02 ],
            [ 1.50000e+04, 2.687e-02 ],
            [ 2.00000e+04, 2.737e-02 ]
        ]
    }
}
