{
    "density": 1.550e+00,
    "name": "Calcium",
    "type-id": 30,
    "parameters": {
        "data": [
            [ 1.00000e+00, 4.867e+03 ],
            [ 1.50000e+00, 1.714e+03 ],
            [ 2.00000e+00, 7.999e+02 ],
            [ 3.00000e+00, 2.676e+02 ],
            [ 4.00000e+00, 1.218e+02 ],
            [ 4.03809e+00, 1.187e+02 ],
            [ 4.03810e+00, 1.023e+03 ],
            [ 5.00000e+00, 6.026e+02 ],
            [ 6.00000e+00, 3.731e+02 ],
            [ 8.00000e+00, 1.726e+02 ],
            [ 1.00000e+01, 9.341e+01 ],
            [ 1.50000e+01, 2.979e+01 ],
            [ 2.00000e+01, 1.306e+01 ],
            [ 3.00000e+01, 4.080e+00 ],
            [ 4.00000e+01, 1.830e+00 ],
            [ 5.00000e+01, 1.019e+00 ],
            [ 6.00000e+01, 6.578e-01 ],
            [ 8.00000e+01, 3.656e-01 ],
            [ 1.00000e+02, 2.571e-01 ],
            [ 1.50000e+02, 1.674e-01 ],
            [ 2.00000e+02, 1.376e-01 ],
            [ 3.00000e+02, 1.116e-01 ],
            [ 4.00000e+02, 9.783e-02 ],
            [ 5.00000e+02, 8.851e-02 ],
            [ 6.00000e+02, 8.148e-02 ],
            [ 8.00000e+02, 7.122e-02 ],
            [ 1.00000e+03, 6.388e-02 ],
            [ 1.25000e+03, 5.709e-02 ],
            [ 1.50000e+03, 5.207e-02 ],
            [ 2.00000e+03, 4.524e-02 ],
            [ 3.00000e+03, 3.780e-02 ],
            [ 4.00000e+03, 3.395e-02 ],
            [ 5.00000e+03, 3.170e-02 ],
            [ 6.00000e+03, 3.035e-02 ],
            [ 8.00000e+03, 2.892e-02 ],
            [ 1.00000e+04, 2.839e-02 ],
            [ 1.50000e+04, 2.838e-02 ],
            [ 2.00000e+04, 2.903e-02 ]
        ]
    }
}
