{
    "density": 2.989e+00,
    "name": "Scandium",
    "type-id": 30,
    "parameters": {
        "data": [
            [ 1.00000e+00, 5.238e+03 ],
            [ 1.50000e+00, 1.858e+03 ],
            [ 2.00000e+00, 8.706e+02 ],
            [ 3.00000e+00, 2.922e+02 ],
            [ 4.00000e+00, 1.332e+02 ],
            [ 4.49279e+00, 9.687e+01 ],
            [ 4.49280e+00, 8.148e+02 ],
            [ 5.00000e+00, 6.305e+02 ],
            [ 6.00000e+00, 3.933e+02 ],
            [ 8.00000e+00, 1.828e+02 ],
            [ 1.00000e+01, 9.952e+01 ],
            [ 1.50000e+01, 3.202e+01 ],
            [ 2.00000e+01, 1.409e+01 ],
            [ 3.00000e+01, 4.409e+00 ],
            [ 4.00000e+01, 1.969e+00 ],
            [ 5.00000e+01, 1.087e+00 ],
            [ 6.00000e+01, 6.932e-01 ],
            [ 8.00000e+01, 3.753e-01 ],
            [ 1.00000e+02, 2.577e-01 ],
            [ 1.50000e+02, 1.619e-01 ],
            [ 2.00000e+02, 1.310e-01 ],
            [ 3.00000e+02, 1.052e-01 ],
            [ 4.00000e+02, 9.193e-02 ],
            [ 5.00000e+02, 8.305e-02 ],
            [ 6.00000e+02, 7.639e-02 ],
            [ 8.00000e+02, 6.675e-02 ],
            [ 1.00000e+03, 5.985e-02 ],
            [ 1.25000e+03, 5.347e-02 ],
            [ 1.50000e+03, 4.878e-02 ],
            [ 2.00000e+03, 4.243e-02 ],
            [ 3.00000e+03, 3.554e-02 ],
            [ 4.00000e+03, 3.202e-02 ],
            [ 5.00000e+03, 2.999e-02 ],
            [ 6.00000e+03, 2.878e-02 ],
            [ 8.00000e+03, 2.756e-02 ],
            [ 1.00000e+04, 2.715e-02 ],
            [ 1.50000e+04, 2.732e-02 ],
            [ 2.00000e+04, 2.804e-02 ]
        ]
    }
}
