{
    "density": 4.540e+00,
    "name": "Titanium",
    "type-id": 30,
    "parameters": {
        "data": [
            [ 1.00000e+00, 5.869e+03 ],
            [ 1.50000e+00, 2.096e+03 ],
            [ 2.00000e+00, 9.860e+02 ],
            [ 3.00000e+00, 3.323e+02 ],
            [ 4.00000e+00, 1.517e+02 ],
            [ 4.96639e+00, 8.380e+01 ],
            [ 4.96640e+00, 6.878e+02 ],
            [ 5.00000e+00, 6.838e+02 ],
            [ 6.00000e+00, 4.323e+02 ],
            [ 8.00000e+00, 2.023e+02 ],
            [ 1.00000e+01, 1.107e+02 ],
            [ 1.50000e+01, 3.587e+01 ],
            [ 2.00000e+01, 1.585e+01 ],
            [ 3.00000e+01, 4.972e+00 ],
            [ 4.00000e+01, 2.214e+00 ],
            [ 5.00000e+01, 1.213e+00 ],
            [ 6.00000e+01, 7.661e-01 ],
            [ 8.00000e+01, 4.052e-01 ],
            [ 1.00000e+02, 2.721e-01 ],
            [ 1.50000e+02, 1.649e-01 ],
            [ 2.00000e+02, 1.314e-01 ],
            [ 3.00000e+02, 1.043e-01 ],
            [ 4.00000e+02, 9.081e-02 ],
            [ 5.00000e+02, 8.191e-02 ],
            [ 6.00000e+02, 7.529e-02 ],
            [ 8.00000e+02, 6.572e-02 ],
            [ 1.00000e+03, 5.891e-02 ],
            [ 1.25000e+03, 5.263e-02 ],
            [ 1.50000e+03, 4.801e-02 ],
            [ 2.00000e+03, 4.180e-02 ],
            [ 3.00000e+03, 3.512e-02 ],
            [ 4.00000e+03, 3.173e-02 ],
            [ 5.00000e+03, 2.982e-02 ],
            [ 6.00000e+03, 2.868e-02 ],
            [ 8.00000e+03, 2.759e-02 ],
            [ 1.00000e+04, 2.727e-02 ],
            [ 1.50000e+04, 2.762e-02 ],
            [ 2.00000e+04, 2.844e-02 ]
        ]
    }
}
