{
    "density": 6.110e+00,
    "name": "Vanadium",
    "type-id": 30,
    "parameters": {
        "data": [
            [ 1.00000e+00, 6.495e+03 ],
            [ 1.50000e+00, 2.342e+03 ],
            [ 2.00000e+00, 1.106e+03 ],
            [ 3.00000e+00, 3.743e+02 ],
            [ 4.00000e+00, 1.712e+02 ],
            [ 5.00000e+00, 9.291e+01 ],
            [ 5.46509e+00, 7.277e+01 ],
            [ 5.46510e+00, 5.870e+02 ],
            [ 6.00000e+00, 4.687e+02 ],
            [ 8.00000e+00, 2.217e+02 ],
            [ 1.00000e+01, 1.218e+02 ],
            [ 1.50000e+01, 3.983e+01 ],
            [ 2.00000e+01, 1.768e+01 ],
            [ 3.00000e+01, 5.564e+00 ],
            [ 4.00000e+01, 2.472e+00 ],
            [ 5.00000e+01, 1.347e+00 ],
            [ 6.00000e+01, 8.438e-01 ],
            [ 8.00000e+01, 4.371e-01 ],
            [ 1.00000e+02, 2.877e-01 ],
            [ 1.50000e+02, 1.682e-01 ],
            [ 2.00000e+02, 1.318e-01 ],
            [ 3.00000e+02, 1.034e-01 ],
            [ 4.00000e+02, 8.965e-02 ],
            [ 5.00000e+02, 8.074e-02 ],
            [ 6.00000e+02, 7.414e-02 ],
            [ 8.00000e+02, 6.466e-02 ],
            [ 1.00000e+03, 5.794e-02 ],
            [ 1.25000e+03, 5.175e-02 ],
            [ 1.50000e+03, 4.722e-02 ],
            [ 2.00000e+03, 4.115e-02 ],
            [ 3.00000e+03, 3.466e-02 ],
            [ 4.00000e+03, 3.141e-02 ],
            [ 5.00000e+03, 2.960e-02 ],
            [ 6.00000e+03, 2.855e-02 ],
            [ 8.00000e+03, 2.759e-02 ],
            [ 1.00000e+04, 2.738e-02 ],
            [ 1.50000e+04, 2.786e-02 ],
            [ 2.00000e+04, 2.877e-02 ]
        ]
    }
}
