{
    "density": 7.180e+00,
    "name": "Chromium",
    "type-id": 30,
    "parameters": {
        "data": [
            [ 1.00000e+00, 7.405e+03 ],
            [ 1.50000e+00, 2.694e+03 ],
            [ 2.00000e+00, 1.277e+03 ],
            [ 3.00000e+00, 4.339e+02 ],
            [ 4.00000e+00, 1.988e+02 ],
            [ 5.00000e+00, 1.080e+02 ],
            [ 5.98919e+00, 6.574e+01 ],
            [ 5.98920e+00, 5.977e+02 ],
            [ 6.00000e+00, 5.160e+02 ],
            [ 8.00000e+00, 2.513e+02 ],
            [ 1.00000e+01, 1.386e+02 ],
            [ 1.50000e+01, 4.571e+01 ],
            [ 2.00000e+01, 2.038e+01 ],
            [ 3.00000e+01, 6.434e+00 ],
            [ 4.00000e+01, 2.856e+00 ],
            [ 5.00000e+01, 1.550e+00 ],
            [ 6.00000e+01, 9.639e-01 ],
            [ 8.00000e+01, 4.905e-01 ],
            [ 1.00000e+02, 3.166e-01 ],
            [ 1.50000e+02, 1.788e-01 ],
            [ 2.00000e+02, 1.378e-01 ],
            [ 3.00000e+02, 1.067e-01 ],
            [ 4.00000e+02, 9.213e-02 ],
            [ 5.00000e+02, 8.281e-02 ],
            [ 6.00000e+02, 7.598e-02 ],
            [ 8.00000e+02, 6.620e-02 ],
            [ 1.00000e+03, 5.930e-02 ],
            [ 1.25000e+03, 5.295e-02 ],
            [ 1.50000e+03, 4.832e-02 ],
            [ 2.00000e+03, 4.213e-02 ],
            [ 3.00000e+03, 3.559e-02 ],
            [ 4.00000e+03, 3.235e-02 ],
            [ 5.00000e+03, 3.057e-02 ],
            [ 6.00000e+03, 2.956e-02 ],
            [ 8.00000e+03, 2.869e-02 ],
            [ 1.00000e+04, 2.855e-02 ],
            [ 1.50000e+04, 2.920e-02 ],
            [ 2.00000e+04, 3.026e-02 ]
        ]
    }
}
