{
    "density": 7.440e+00,
    "name": "Manganese",
    "type-id": 30,
    "parameters": {
        "data": [
            [ 1.00000e+00, 8.093e+03 ],
            [ 1.50000e+00, 2.984e+03 ],
            [ 2.00000e+00, 1.421e+03 ],
            [ 3.00000e+00, 4.851e+02 ],
            [ 4.00000e+00, 2.229e+02 ],
            [ 5.00000e+00, 1.212e+02 ],
            [ 6.00000e+00, 7.350e+01 ],
            [ 6.53899e+00, 5.803e+01 ],
            [ 6.53900e+00, 4.520e+02 ],
            [ 8.00000e+00, 2.734e+02 ],
            [ 1.00000e+01, 1.514e+02 ],
            [ 1.50000e+01, 5.027e+01 ],
            [ 2.00000e+01, 2.253e+01 ],
            [ 3.00000e+01, 7.141e+00 ],
            [ 4.00000e+01, 3.169e+00 ],
            [ 5.00000e+01, 1.714e+00 ],
            [ 6.00000e+01, 1.060e+00 ],
            [ 8.00000e+01, 5.306e-01 ],
            [ 1.00000e+02, 3.367e-01 ],
            [ 1.50000e+02, 1.838e-01 ],
            [ 2.00000e+02, 1.391e-01 ],
            [ 3.00000e+02, 1.062e-01 ],
            [ 4.00000e+02, 9.133e-02 ],
            [ 5.00000e+02, 8.192e-02 ],
            [ 6.00000e+02, 7.509e-02 ],
            [ 8.00000e+02, 6.537e-02 ],
            [ 1.00000e+03, 5.852e-02 ],
            [ 1.25000e+03, 5.224e-02 ],
            [ 1.50000e+03, 4.769e-02 ],
            [ 2.00000e+03, 4.162e-02 ],
            [ 3.00000e+03, 3.524e-02 ],
            [ 4.00000e+03, 3.213e-02 ],
            [ 5.00000e+03, 3.045e-02 ],
            [ 6.00000e+03, 2.952e-02 ],
            [ 8.00000e+03, 2.875e-02 ],
            [ 1.00000e+04, 2.871e-02 ],
            [ 1.50000e+04, 2.951e-02 ],
            [ 2.00000e+04, 3.068e-02 ]
        ]
    }
}
