{
    "density": 7.874e+00,
    "name": "Iron",
    "type-id": 30,
    "parameters": {
        "data": [
            [ 1.00000e+00, 9.085e+03 ],
            [ 1.50000e+00, 3.399e+03 ],
            [ 2.00000e+00, 1.626e+03 ],
            [ 3.00000e+00, 5.576e+02 ],
            [ 4.00000e+00, 2.567e+02 ],
            [ 5.00000e+00, 1.398e+02 ],
            [ 6.00000e+00, 8.484e+01 ],
            [ 7.11199e+00, 5.319e+01 ],
            [ 7.11200e+00, 4.076e+02 ],
            [ 8.00000e+00, 3.056e+02 ],
            [ 1.00000e+01, 1.706e+02 ],
            [ 1.50000e+01, 5.708e+01 ],
            [ 2.00000e+01, 2.568e+01 ],
            [ 3.00000e+01, 8.176e+00 ],
            [ 4.00000e+01, 3.629e+00 ],
            [ 5.00000e+01, 1.958e+00 ],
            [ 6.00000e+01, 1.205e+00 ],
            [ 8.00000e+01, 5.952e-01 ],
            [ 1.00000e+02, 3.717e-01 ],
            [ 1.50000e+02, 1.964e-01 ],
            [ 2.00000e+02, 1.460e-01 ],
            [ 3.00000e+02, 1.099e-01 ],
            [ 4.00000e+02, 9.400e-02 ],
            [ 5.00000e+02, 8.414e-02 ],
            [ 6.00000e+02, 7.704e-02 ],
            [ 8.00000e+02, 6.699e-02 ],
            [ 1.00000e+03, 5.995e-02 ],
            [ 1.25000e+03, 5.350e-02 ],
            [ 1.50000e+03, 4.883e-02 ],
            [ 2.00000e+03, 4.265e-02 ],
            [ 3.00000e+03, 3.621e-02 ],
            [ 4.00000e+03, 3.312e-02 ],
            [ 5.00000e+03, 3.146e-02 ],
            [ 6.00000e+03, 3.057e-02 ],
            [ 8.00000e+03, 2.991e-02 ],
            [ 1.00000e+04, 2.994e-02 ],
            [ 1.50000e+04, 3.092e-02 ],
            [ 2.00000e+04, 3.224e-02 ]
        ]
    }
}
