{
    "density": 8.900e+00,
    "name": "Cobalt",
    "type-id": 30,
    "parameters": {
        "data": [
            [ 1.00000e+00, 9.796e+03 ],
            [ 1.50000e+00, 3.697e+03 ],
            [ 2.00000e+00, 1.779e+03 ],
            [ 3.00000e+00, 6.129e+02 ],
            [ 4.00000e+00, 2.830e+02 ],
            [ 5.00000e+00, 1.543e+02 ],
            [ 6.00000e+00, 9.370e+01 ],
            [ 7.70889e+00, 4.710e+01 ],
            [ 7.70890e+00, 3.555e+02 ],
            [ 8.00000e+00, 3.248e+02 ],
            [ 1.00000e+01, 1.841e+02 ],
            [ 1.50000e+01, 6.201e+01 ],
            [ 2.00000e+01, 2.803e+01 ],
            [ 3.00000e+01, 8.962e+00 ],
            [ 4.00000e+01, 3.981e+00 ],
            [ 5.00000e+01, 2.144e+00 ],
            [ 6.00000e+01, 1.314e+00 ],
            [ 8.00000e+01, 6.414e-01 ],
            [ 1.00000e+02, 3.949e-01 ],
            [ 1.50000e+02, 2.023e-01 ],
            [ 2.00000e+02, 1.476e-01 ],
            [ 3.00000e+02, 1.094e-01 ],
            [ 4.00000e+02, 9.311e-02 ],
            [ 5.00000e+02, 8.315e-02 ],
            [ 6.00000e+02, 7.604e-02 ],
            [ 8.00000e+02, 6.604e-02 ],
            [ 1.00000e+03, 5.906e-02 ],
            [ 1.25000e+03, 5.270e-02 ],
            [ 1.50000e+03, 4.810e-02 ],
            [ 2.00000e+03, 4.204e-02 ],
            [ 3.00000e+03, 3.580e-02 ],
            [ 4.00000e+03, 3.283e-02 ],
            [ 5.00000e+03, 3.127e-02 ],
            [ 6.00000e+03, 3.045e-02 ],
            [ 8.00000e+03, 2.991e-02 ],
            [ 1.00000e+04, 3.002e-02 ],
            [ 1.50000e+04, 3.115e-02 ],
            [ 2.00000e+04, 3.256e-02 ]
        ]
    }
}
