{
    "density": 8.902e+00,
    "name": "Nickel",
    "type-id": 30,
    "parameters": {
        "data": [
            [ 1.00000e+00, 9.855e+03 ],
            [ 1.00404e+00, 9.753e+03 ],
            [ 1.00809e+00, 9.654e+03 ],
            [ 1.00810e+00, 1.099e+04 ],
            [ 1.50000e+00, 4.234e+03 ],
            [ 2.00000e+00, 2.049e+03 ],
            [ 3.00000e+00, 7.094e+02 ],
            [ 4.00000e+00, 3.282e+02 ],
            [ 5.00000e+00, 1.793e+02 ],
            [ 6.00000e+00, 1.090e+02 ],
            [ 8.00000e+00, 4.952e+01 ],
            [ 8.33279e+00, 4.428e+01 ],
            [ 8.33280e+00, 3.294e+02 ],
            [ 1.00000e+01, 2.090e+02 ],
            [ 1.50000e+01, 7.081e+01 ],
            [ 2.00000e+01, 3.220e+01 ],
            [ 3.00000e+01, 1.034e+01 ],
            [ 4.00000e+01, 4.600e+00 ],
            [ 5.00000e+01, 2.474e+00 ],
            [ 6.00000e+01, 1.512e+00 ],
            [ 8.00000e+01, 7.306e-01 ],
            [ 1.00000e+02, 4.440e-01 ],
            [ 1.50000e+02, 2.208e-01 ],
            [ 2.00000e+02, 1.582e-01 ],
            [ 3.00000e+02, 1.154e-01 ],
            [ 4.00000e+02, 9.765e-02 ],
            [ 5.00000e+02, 8.698e-02 ],
            [ 6.00000e+02, 7.944e-02 ],
            [ 8.00000e+02, 6.891e-02 ],
            [ 1.00000e+03, 6.160e-02 ],
            [ 1.25000e+03, 5.494e-02 ],
            [ 1.50000e+03, 5.015e-02 ],
            [ 2.00000e+03, 4.387e-02 ],
            [ 3.00000e+03, 3.745e-02 ],
            [ 4.00000e+03, 3.444e-02 ],
            [ 5.00000e+03, 3.289e-02 ],
            [ 6.00000e+03, 3.210e-02 ],
            [ 8.00000e+03, 3.164e-02 ],
            [ 1.00000e+04, 3.185e-02 ],
            [ 1.50000e+04, 3.320e-02 ],
            [ 2.00000e+04, 3.476e-02 ]
        ]
    }
}
