{
    "density": 8.960e+00,
    "name": "Copper",
    "type-id": 30,
    "parameters": {
        "data": [
            [ 1.00000e+00, 1.057e+04 ],
            [ 1.04695e+00, 9.307e+03 ],
            [ 1.09609e+00, 8.242e+03 ],
            [ 1.09610e+00, 9.347e+03 ],
            [ 1.50000e+00, 4.418e+03 ],
            [ 2.00000e+00, 2.154e+03 ],
            [ 3.00000e+00, 7.488e+02 ],
            [ 4.00000e+00, 3.473e+02 ],
            [ 5.00000e+00, 1.899e+02 ],
            [ 6.00000e+00, 1.156e+02 ],
            [ 8.00000e+00, 5.255e+01 ],
            [ 8.97889e+00, 3.829e+01 ],
            [ 8.97890e+00, 2.784e+02 ],
            [ 1.00000e+01, 2.159e+02 ],
            [ 1.50000e+01, 7.405e+01 ],
            [ 2.00000e+01, 3.379e+01 ],
            [ 3.00000e+01, 1.092e+01 ],
            [ 4.00000e+01, 4.862e+00 ],
            [ 5.00000e+01, 2.613e+00 ],
            [ 6.00000e+01, 1.593e+00 ],
            [ 8.00000e+01, 7.630e-01 ],
            [ 1.00000e+02, 4.584e-01 ],
            [ 1.50000e+02, 2.217e-01 ],
            [ 2.00000e+02, 1.559e-01 ],
            [ 3.00000e+02, 1.119e-01 ],
            [ 4.00000e+02, 9.413e-02 ],
            [ 5.00000e+02, 8.362e-02 ],
            [ 6.00000e+02, 7.625e-02 ],
            [ 8.00000e+02, 6.605e-02 ],
            [ 1.00000e+03, 5.901e-02 ],
            [ 1.25000e+03, 5.261e-02 ],
            [ 1.50000e+03, 4.803e-02 ],
            [ 2.00000e+03, 4.205e-02 ],
            [ 3.00000e+03, 3.599e-02 ],
            [ 4.00000e+03, 3.318e-02 ],
            [ 5.00000e+03, 3.177e-02 ],
            [ 6.00000e+03, 3.108e-02 ],
            [ 8.00000e+03, 3.074e-02 ],
            [ 1.00000e+04, 3.103e-02 ],
            [ 1.50000e+04, 3.247e-02 ],
            [ 2.00000e+04, 3.408e-02 ]
        ]
    }
}
