{
    "density": 7.133e+00,
    "name": "Zinc",
    "type-id": 30,
    "parameters": {
        "data": [
            [ 1.00000e+00, 1.553e+03 ],
            [ 1.00980e+00, 1.518e+03 ],
            [ 1.01969e+00, 1.484e+03 ],
            [ 1.01970e+00, 3.804e+03 ],
            [ 1.03119e+00, 5.097e+03 ],
            [ 1.04279e+00, 6.518e+03 ],
            [ 1.04280e+00, 8.274e+03 ],
            [ 1.11565e+00, 8.452e+03 ],
            [ 1.19359e+00, 7.371e+03 ],
            [ 1.19360e+00, 8.396e+03 ],
            [ 1.50000e+00, 4.825e+03 ],
            [ 2.00000e+00, 2.375e+03 ],
            [ 3.00000e+00, 8.311e+02 ],
            [ 4.00000e+00, 3.865e+02 ],
            [ 5.00000e+00, 2.118e+02 ],
            [ 6.00000e+00, 1.290e+02 ],
            [ 8.00000e+00, 5.875e+01 ],
            [ 9.65859e+00, 3.505e+01 ],
            [ 9.65860e+00, 2.536e+02 ],
            [ 1.00000e+01, 2.331e+02 ],
            [ 1.50000e+01, 8.117e+01 ],
            [ 2.00000e+01, 3.719e+01 ],
            [ 3.00000e+01, 1.207e+01 ],
            [ 4.00000e+01, 5.384e+00 ],
            [ 5.00000e+01, 2.892e+00 ],
            [ 6.00000e+01, 1.760e+00 ],
            [ 8.00000e+01, 8.364e-01 ],
            [ 1.00000e+02, 4.973e-01 ],
            [ 1.50000e+02, 2.341e-01 ],
            [ 2.00000e+02, 1.617e-01 ],
            [ 3.00000e+02, 1.141e-01 ],
            [ 4.00000e+02, 9.539e-02 ],
            [ 5.00000e+02, 8.450e-02 ],
            [ 6.00000e+02, 7.695e-02 ],
            [ 8.00000e+02, 6.656e-02 ],
            [ 1.00000e+03, 5.941e-02 ],
            [ 1.25000e+03, 5.296e-02 ],
            [ 1.50000e+03, 4.834e-02 ],
            [ 2.00000e+03, 4.235e-02 ],
            [ 3.00000e+03, 3.634e-02 ],
            [ 4.00000e+03, 3.360e-02 ],
            [ 5.00000e+03, 3.225e-02 ],
            [ 6.00000e+03, 3.160e-02 ],
            [ 8.00000e+03, 3.138e-02 ],
            [ 1.00000e+04, 3.175e-02 ],
            [ 1.50000e+04, 3.335e-02 ],
            [ 2.00000e+04, 3.509e-02 ]
        ]
    }
}
