{
    "density": 5.904e+00,
    "name": "Gallium",
    "type-id": 30,
    "parameters": {
        "data": [
            [ 1.00000e+00, 1.697e+03 ],
            [ 1.05613e+00, 1.492e+03 ],
            [ 1.11539e+00, 1.312e+03 ],
            [ 1.11540e+00, 3.990e+03 ],
            [ 1.12877e+00, 4.887e+03 ],
            [ 1.14229e+00, 5.664e+03 ],
            [ 1.14230e+00, 7.405e+03 ],
            [ 1.21752e+00, 7.138e+03 ],
            [ 1.29769e+00, 6.358e+03 ],
            [ 1.29770e+00, 7.206e+03 ],
            [ 1.50000e+00, 5.087e+03 ],
            [ 2.00000e+00, 2.515e+03 ],
            [ 3.00000e+00, 8.857e+02 ],
            [ 4.00000e+00, 4.130e+02 ],
            [ 5.00000e+00, 2.266e+02 ],
            [ 6.00000e+00, 1.382e+02 ],
            [ 8.00000e+00, 6.302e+01 ],
            [ 1.00000e+01, 3.421e+01 ],
            [ 1.03670e+01, 3.099e+01 ],
            [ 1.03671e+01, 2.214e+02 ],
            [ 1.50000e+01, 8.537e+01 ],
            [ 2.00000e+01, 3.928e+01 ],
            [ 3.00000e+01, 1.281e+01 ],
            [ 4.00000e+01, 5.726e+00 ],
            [ 5.00000e+01, 3.076e+00 ],
            [ 6.00000e+01, 1.868e+00 ],
            [ 8.00000e+01, 8.823e-01 ],
            [ 1.00000e+02, 5.197e-01 ],
            [ 1.50000e+02, 2.387e-01 ],
            [ 2.00000e+02, 1.619e-01 ],
            [ 3.00000e+02, 1.123e-01 ],
            [ 4.00000e+02, 9.325e-02 ],
            [ 5.00000e+02, 8.236e-02 ],
            [ 6.00000e+02, 7.487e-02 ],
            [ 8.00000e+02, 6.466e-02 ],
            [ 1.00000e+03, 5.767e-02 ],
            [ 1.25000e+03, 5.139e-02 ],
            [ 1.50000e+03, 4.692e-02 ],
            [ 2.00000e+03, 4.113e-02 ],
            [ 3.00000e+03, 3.538e-02 ],
            [ 4.00000e+03, 3.280e-02 ],
            [ 5.00000e+03, 3.156e-02 ],
            [ 6.00000e+03, 3.099e-02 ],
            [ 8.00000e+03, 3.086e-02 ],
            [ 1.00000e+04, 3.130e-02 ],
            [ 1.50000e+04, 3.300e-02 ],
            [ 2.00000e+04, 3.479e-02 ]
        ]
    }
}
