{
    "density": 5.323e+00,
    "name": "Germanium",
    "type-id": 30,
    "parameters": {
        "data": [
            [ 1.00000e+00, 1.893e+03 ],
            [ 1.10304e+00, 1.502e+03 ],
            [ 1.21669e+00, 1.190e+03 ],
            [ 1.21670e+00, 4.389e+03 ],
            [ 1.23215e+00, 4.734e+03 ],
            [ 1.24779e+00, 4.974e+03 ],
            [ 1.24780e+00, 6.698e+03 ],
            [ 1.32844e+00, 6.348e+03 ],
            [ 1.41429e+00, 5.554e+03 ],
            [ 1.41430e+00, 6.287e+03 ],
            [ 1.50000e+00, 5.475e+03 ],
            [ 2.00000e+00, 2.711e+03 ],
            [ 3.00000e+00, 9.613e+02 ],
            [ 4.00000e+00, 4.497e+02 ],
            [ 5.00000e+00, 2.472e+02 ],
            [ 6.00000e+00, 1.509e+02 ],
            [ 8.00000e+00, 6.890e+01 ],
            [ 1.00000e+01, 3.742e+01 ],
            [ 1.11030e+01, 2.811e+01 ],
            [ 1.11031e+01, 1.981e+02 ],
            [ 1.50000e+01, 9.152e+01 ],
            [ 2.00000e+01, 4.222e+01 ],
            [ 3.00000e+01, 1.385e+01 ],
            [ 4.00000e+01, 6.207e+00 ],
            [ 5.00000e+01, 3.335e+00 ],
            [ 6.00000e+01, 2.023e+00 ],
            [ 8.00000e+01, 9.501e-01 ],
            [ 1.00000e+02, 5.550e-01 ],
            [ 1.50000e+02, 2.491e-01 ],
            [ 2.00000e+02, 1.661e-01 ],
            [ 3.00000e+02, 1.131e-01 ],
            [ 4.00000e+02, 9.327e-02 ],
            [ 5.00000e+02, 8.212e-02 ],
            [ 6.00000e+02, 7.452e-02 ],
            [ 8.00000e+02, 6.426e-02 ],
            [ 1.00000e+03, 5.727e-02 ],
            [ 1.25000e+03, 5.101e-02 ],
            [ 1.50000e+03, 4.657e-02 ],
            [ 2.00000e+03, 4.086e-02 ],
            [ 3.00000e+03, 3.524e-02 ],
            [ 4.00000e+03, 3.275e-02 ],
            [ 5.00000e+03, 3.158e-02 ],
            [ 6.00000e+03, 3.107e-02 ],
            [ 8.00000e+03, 3.103e-02 ],
            [ 1.00000e+04, 3.156e-02 ],
            [ 1.50000e+04, 3.340e-02 ],
            [ 2.00000e+04, 3.528e-02 ]
        ]
    }
}
