{
    "density": 5.730e+00,
    "name": "Arsenic",
    "type-id": 30,
    "parameters": {
        "data": [
            [ 1.00000e+00, 2.121e+03 ],
            [ 1.15026e+00, 1.523e+03 ],
            [ 1.32309e+00, 1.092e+03 ],
            [ 1.32310e+00, 4.513e+03 ],
            [ 1.34073e+00, 4.469e+03 ],
            [ 1.35859e+00, 4.452e+03 ],
            [ 1.35860e+00, 6.093e+03 ],
            [ 1.50000e+00, 5.227e+03 ],
            [ 1.52649e+00, 4.997e+03 ],
            [ 1.52650e+00, 5.653e+03 ],
            [ 2.00000e+00, 2.931e+03 ],
            [ 3.00000e+00, 1.049e+03 ],
            [ 4.00000e+00, 4.920e+02 ],
            [ 5.00000e+00, 2.709e+02 ],
            [ 6.00000e+00, 1.656e+02 ],
            [ 8.00000e+00, 7.573e+01 ],
            [ 1.00000e+01, 4.115e+01 ],
            [ 1.18666e+01, 2.577e+01 ],
            [ 1.18667e+01, 1.792e+02 ],
            [ 1.50000e+01, 9.856e+01 ],
            [ 2.00000e+01, 4.564e+01 ],
            [ 3.00000e+01, 1.506e+01 ],
            [ 4.00000e+01, 6.760e+00 ],
            [ 5.00000e+01, 3.635e+00 ],
            [ 6.00000e+01, 2.203e+00 ],
            [ 8.00000e+01, 1.030e+00 ],
            [ 1.00000e+02, 5.971e-01 ],
            [ 1.50000e+02, 2.622e-01 ],
            [ 2.00000e+02, 1.719e-01 ],
            [ 3.00000e+02, 1.150e-01 ],
            [ 4.00000e+02, 9.414e-02 ],
            [ 5.00000e+02, 8.259e-02 ],
            [ 6.00000e+02, 7.483e-02 ],
            [ 8.00000e+02, 6.440e-02 ],
            [ 1.00000e+03, 5.735e-02 ],
            [ 1.25000e+03, 5.106e-02 ],
            [ 1.50000e+03, 4.661e-02 ],
            [ 2.00000e+03, 4.093e-02 ],
            [ 3.00000e+03, 3.539e-02 ],
            [ 4.00000e+03, 3.296e-02 ],
            [ 5.00000e+03, 3.187e-02 ],
            [ 6.00000e+03, 3.141e-02 ],
            [ 8.00000e+03, 3.146e-02 ],
            [ 1.00000e+04, 3.207e-02 ],
            [ 1.50000e+04, 3.405e-02 ],
            [ 2.00000e+04, 3.603e-02 ]
        ]
    }
}
