{
    "density": 4.500e+00,
    "name": "Selenium",
    "type-id": 30,
    "parameters": {
        "data": [
            [ 1.00000e+00, 2.317e+03 ],
            [ 1.19825e+00, 1.512e+03 ],
            [ 1.43579e+00, 9.814e+02 ],
            [ 1.43580e+00, 4.347e+03 ],
            [ 1.45586e+00, 4.057e+03 ],
            [ 1.47619e+00, 3.907e+03 ],
            [ 1.47620e+00, 5.186e+03 ],
            [ 1.50000e+00, 5.336e+03 ],
            [ 1.65389e+00, 4.342e+03 ],
            [ 1.65390e+00, 4.915e+03 ],
            [ 2.00000e+00, 3.098e+03 ],
            [ 3.00000e+00, 1.116e+03 ],
            [ 4.00000e+00, 5.252e+02 ],
            [ 5.00000e+00, 2.896e+02 ],
            [ 6.00000e+00, 1.773e+02 ],
            [ 8.00000e+00, 8.116e+01 ],
            [ 1.00000e+01, 4.414e+01 ],
            [ 1.26577e+01, 2.318e+01 ],
            [ 1.26578e+01, 1.589e+02 ],
            [ 1.50000e+01, 1.033e+02 ],
            [ 2.00000e+01, 4.818e+01 ],
            [ 3.00000e+01, 1.596e+01 ],
            [ 4.00000e+01, 7.184e+00 ],
            [ 5.00000e+01, 3.864e+00 ],
            [ 6.00000e+01, 2.341e+00 ],
            [ 8.00000e+01, 1.090e+00 ],
            [ 1.00000e+02, 6.278e-01 ],
            [ 1.50000e+02, 2.703e-01 ],
            [ 2.00000e+02, 1.742e-01 ],
            [ 3.00000e+02, 1.144e-01 ],
            [ 4.00000e+02, 9.299e-02 ],
            [ 5.00000e+02, 8.129e-02 ],
            [ 6.00000e+02, 7.350e-02 ],
            [ 8.00000e+02, 6.314e-02 ],
            [ 1.00000e+03, 5.619e-02 ],
            [ 1.25000e+03, 4.999e-02 ],
            [ 1.50000e+03, 4.564e-02 ],
            [ 2.00000e+03, 4.010e-02 ],
            [ 3.00000e+03, 3.476e-02 ],
            [ 4.00000e+03, 3.247e-02 ],
            [ 5.00000e+03, 3.145e-02 ],
            [ 6.00000e+03, 3.105e-02 ],
            [ 8.00000e+03, 3.119e-02 ],
            [ 1.00000e+04, 3.186e-02 ],
            [ 1.50000e+04, 3.395e-02 ],
            [ 2.00000e+04, 3.599e-02 ]
        ]
    }
}
