{
    "density": 7.072e-03,
    "name": "Bromine",
    "type-id": 30,
    "parameters": {
        "data": [
            [ 1.00000e+00, 2.624e+03 ],
            [ 1.50000e+00, 1.002e+03 ],
            [ 1.54989e+00, 9.255e+02 ],
            [ 1.54990e+00, 4.289e+03 ],
            [ 1.57278e+00, 3.838e+03 ],
            [ 1.59599e+00, 3.587e+03 ],
            [ 1.59600e+00, 5.097e+03 ],
            [ 1.68644e+00, 4.595e+03 ],
            [ 1.78199e+00, 3.969e+03 ],
            [ 1.78200e+00, 4.495e+03 ],
            [ 2.00000e+00, 3.407e+03 ],
            [ 3.00000e+00, 1.231e+03 ],
            [ 4.00000e+00, 5.815e+02 ],
            [ 5.00000e+00, 3.213e+02 ],
            [ 6.00000e+00, 1.968e+02 ],
            [ 8.00000e+00, 9.026e+01 ],
            [ 1.00000e+01, 4.912e+01 ],
            [ 1.34736e+01, 2.176e+01 ],
            [ 1.34737e+01, 1.471e+02 ],
            [ 1.50000e+01, 1.119e+02 ],
            [ 2.00000e+01, 5.266e+01 ],
            [ 3.00000e+01, 1.753e+01 ],
            [ 4.00000e+01, 7.900e+00 ],
            [ 5.00000e+01, 4.264e+00 ],
            [ 6.00000e+01, 2.582e+00 ],
            [ 8.00000e+01, 1.198e+00 ],
            [ 1.00000e+02, 6.861e-01 ],
            [ 1.50000e+02, 2.899e-01 ],
            [ 2.00000e+02, 1.838e-01 ],
            [ 3.00000e+02, 1.186e-01 ],
            [ 4.00000e+02, 9.563e-02 ],
            [ 5.00000e+02, 8.328e-02 ],
            [ 6.00000e+02, 7.515e-02 ],
            [ 8.00000e+02, 6.443e-02 ],
            [ 1.00000e+03, 5.728e-02 ],
            [ 1.25000e+03, 5.094e-02 ],
            [ 1.50000e+03, 4.650e-02 ],
            [ 2.00000e+03, 4.089e-02 ],
            [ 3.00000e+03, 3.552e-02 ],
            [ 4.00000e+03, 3.327e-02 ],
            [ 5.00000e+03, 3.229e-02 ],
            [ 6.00000e+03, 3.194e-02 ],
            [ 8.00000e+03, 3.218e-02 ],
            [ 1.00000e+04, 3.293e-02 ],
            [ 1.50000e+04, 3.521e-02 ],
            [ 2.00000e+04, 3.738e-02 ]
        ]
    }
}
