{
    "density": 3.478e-03,
    "name": "Krypton",
    "type-id": 30,
    "parameters": {
        "data": [
            [ 1.00000e+00, 2.854e+03 ],
            [ 1.50000e+00, 1.093e+03 ],
            [ 1.67489e+00, 8.361e+02 ],
            [ 1.67490e+00, 3.909e+03 ],
            [ 1.70085e+00, 3.409e+03 ],
            [ 1.72719e+00, 3.166e+03 ],
            [ 1.72720e+00, 4.566e+03 ],
            [ 1.82152e+00, 4.014e+03 ],
            [ 1.92099e+00, 3.482e+03 ],
            [ 1.92100e+00, 3.948e+03 ],
            [ 2.00000e+00, 3.599e+03 ],
            [ 3.00000e+00, 1.305e+03 ],
            [ 4.00000e+00, 6.186e+02 ],
            [ 5.00000e+00, 3.425e+02 ],
            [ 6.00000e+00, 2.101e+02 ],
            [ 8.00000e+00, 9.651e+01 ],
            [ 1.00000e+01, 5.257e+01 ],
            [ 1.43255e+01, 1.971e+01 ],
            [ 1.43256e+01, 1.313e+02 ],
            [ 1.50000e+01, 1.168e+02 ],
            [ 2.00000e+01, 5.548e+01 ],
            [ 3.00000e+01, 1.854e+01 ],
            [ 4.00000e+01, 8.389e+00 ],
            [ 5.00000e+01, 4.523e+00 ],
            [ 6.00000e+01, 2.739e+00 ],
            [ 8.00000e+01, 1.267e+00 ],
            [ 1.00000e+02, 7.221e-01 ],
            [ 1.50000e+02, 2.998e-01 ],
            [ 2.00000e+02, 1.872e-01 ],
            [ 3.00000e+02, 1.186e-01 ],
            [ 4.00000e+02, 9.480e-02 ],
            [ 5.00000e+02, 8.226e-02 ],
            [ 6.00000e+02, 7.410e-02 ],
            [ 8.00000e+02, 6.340e-02 ],
            [ 1.00000e+03, 5.631e-02 ],
            [ 1.25000e+03, 5.005e-02 ],
            [ 1.50000e+03, 4.569e-02 ],
            [ 2.00000e+03, 4.020e-02 ],
            [ 3.00000e+03, 3.501e-02 ],
            [ 4.00000e+03, 3.286e-02 ],
            [ 5.00000e+03, 3.196e-02 ],
            [ 6.00000e+03, 3.168e-02 ],
            [ 8.00000e+03, 3.199e-02 ],
            [ 1.00000e+04, 3.280e-02 ],
            [ 1.50000e+04, 3.518e-02 ],
            [ 2.00000e+04, 3.741e-02 ]
        ]
    }
}
