{
    "density": 1.532e+00,
    "name": "Rubidium",
    "type-id": 30,
    "parameters": {
        "data": [
            [ 1.00000e+00, 3.174e+03 ],
            [ 1.50000e+00, 1.219e+03 ],
            [ 1.80439e+00, 7.782e+02 ],
            [ 1.80440e+00, 3.096e+03 ],
            [ 1.83391e+00, 2.969e+03 ],
            [ 1.86389e+00, 2.861e+03 ],
            [ 1.86390e+00, 3.957e+03 ],
            [ 2.00000e+00, 3.410e+03 ],
            [ 2.06509e+00, 3.153e+03 ],
            [ 2.06510e+00, 3.606e+03 ],
            [ 3.00000e+00, 1.418e+03 ],
            [ 4.00000e+00, 6.748e+02 ],
            [ 5.00000e+00, 3.744e+02 ],
            [ 6.00000e+00, 2.300e+02 ],
            [ 8.00000e+00, 1.058e+02 ],
            [ 1.00000e+01, 5.766e+01 ],
            [ 1.50000e+01, 1.909e+01 ],
            [ 1.51996e+01, 1.842e+01 ],
            [ 1.51997e+01, 1.208e+02 ],
            [ 2.00000e+01, 5.980e+01 ],
            [ 3.00000e+01, 2.009e+01 ],
            [ 4.00000e+01, 9.112e+00 ],
            [ 5.00000e+01, 4.918e+00 ],
            [ 6.00000e+01, 2.979e+00 ],
            [ 8.00000e+01, 1.375e+00 ],
            [ 1.00000e+02, 7.799e-01 ],
            [ 1.50000e+02, 3.187e-01 ],
            [ 2.00000e+02, 1.960e-01 ],
            [ 3.00000e+02, 1.219e-01 ],
            [ 4.00000e+02, 9.670e-02 ],
            [ 5.00000e+02, 8.360e-02 ],
            [ 6.00000e+02, 7.510e-02 ],
            [ 8.00000e+02, 6.412e-02 ],
            [ 1.00000e+03, 5.689e-02 ],
            [ 1.25000e+03, 5.053e-02 ],
            [ 1.50000e+03, 4.613e-02 ],
            [ 2.00000e+03, 4.061e-02 ],
            [ 3.00000e+03, 3.545e-02 ],
            [ 4.00000e+03, 3.335e-02 ],
            [ 5.00000e+03, 3.250e-02 ],
            [ 6.00000e+03, 3.227e-02 ],
            [ 8.00000e+03, 3.267e-02 ],
            [ 1.00000e+04, 3.357e-02 ],
            [ 1.50000e+04, 3.610e-02 ],
            [ 2.00000e+04, 3.845e-02 ]
        ]
    }
}
