{
    "density": 2.540e+00,
    "name": "Strontium",
    "type-id": 30,
    "parameters": {
        "data": [
            [ 1.00000e+00, 3.494e+03 ],
            [ 1.50000e+00, 1.347e+03 ],
            [ 1.93959e+00, 7.207e+02 ],
            [ 1.93960e+00, 2.864e+03 ],
            [ 2.00000e+00, 2.589e+03 ],
            [ 2.00679e+00, 2.571e+03 ],
            [ 2.00680e+00, 3.577e+03 ],
            [ 2.10895e+00, 3.201e+03 ],
            [ 2.21629e+00, 2.842e+03 ],
            [ 2.21630e+00, 3.241e+03 ],
            [ 3.00000e+00, 1.525e+03 ],
            [ 4.00000e+00, 7.297e+02 ],
            [ 5.00000e+00, 4.058e+02 ],
            [ 6.00000e+00, 2.496e+02 ],
            [ 8.00000e+00, 1.150e+02 ],
            [ 1.00000e+01, 6.274e+01 ],
            [ 1.50000e+01, 2.079e+01 ],
            [ 1.61045e+01, 1.714e+01 ],
            [ 1.61046e+01, 1.108e+02 ],
            [ 2.00000e+01, 6.386e+01 ],
            [ 3.00000e+01, 2.157e+01 ],
            [ 4.00000e+01, 9.818e+00 ],
            [ 5.00000e+01, 5.306e+00 ],
            [ 6.00000e+01, 3.214e+00 ],
            [ 8.00000e+01, 1.481e+00 ],
            [ 1.00000e+02, 8.365e-01 ],
            [ 1.50000e+02, 3.369e-01 ],
            [ 2.00000e+02, 2.042e-01 ],
            [ 3.00000e+02, 1.247e-01 ],
            [ 4.00000e+02, 9.811e-02 ],
            [ 5.00000e+02, 8.443e-02 ],
            [ 6.00000e+02, 7.570e-02 ],
            [ 8.00000e+02, 6.447e-02 ],
            [ 1.00000e+03, 5.714e-02 ],
            [ 1.25000e+03, 5.072e-02 ],
            [ 1.50000e+03, 4.630e-02 ],
            [ 2.00000e+03, 4.079e-02 ],
            [ 3.00000e+03, 3.569e-02 ],
            [ 4.00000e+03, 3.365e-02 ],
            [ 5.00000e+03, 3.286e-02 ],
            [ 6.00000e+03, 3.268e-02 ],
            [ 8.00000e+03, 3.317e-02 ],
            [ 1.00000e+04, 3.414e-02 ],
            [ 1.50000e+04, 3.683e-02 ],
            [ 2.00000e+04, 3.927e-02 ]
        ]
    }
}
