{
    "density": 4.469e+00,
    "name": "Yttrium",
    "type-id": 30,
    "parameters": {
        "data": [
            [ 1.00000e+00, 3.864e+03 ],
            [ 1.50000e+00, 1.493e+03 ],
            [ 2.00000e+00, 7.422e+02 ],
            [ 2.07999e+00, 6.738e+02 ],
            [ 2.08000e+00, 2.627e+03 ],
            [ 2.11741e+00, 2.466e+03 ],
            [ 2.15549e+00, 2.342e+03 ],
            [ 2.15550e+00, 3.264e+03 ],
            [ 2.26140e+00, 2.916e+03 ],
            [ 2.37249e+00, 2.597e+03 ],
            [ 2.37250e+00, 2.962e+03 ],
            [ 3.00000e+00, 1.654e+03 ],
            [ 4.00000e+00, 7.936e+02 ],
            [ 5.00000e+00, 4.424e+02 ],
            [ 6.00000e+00, 2.725e+02 ],
            [ 8.00000e+00, 1.258e+02 ],
            [ 1.00000e+01, 6.871e+01 ],
            [ 1.50000e+01, 2.279e+01 ],
            [ 1.70383e+01, 1.612e+01 ],
            [ 1.70384e+01, 1.029e+02 ],
            [ 2.00000e+01, 6.855e+01 ],
            [ 3.00000e+01, 2.330e+01 ],
            [ 4.00000e+01, 1.065e+01 ],
            [ 5.00000e+01, 5.764e+00 ],
            [ 6.00000e+01, 3.493e+00 ],
            [ 8.00000e+01, 1.607e+00 ],
            [ 1.00000e+02, 9.047e-01 ],
            [ 1.50000e+02, 3.595e-01 ],
            [ 2.00000e+02, 2.149e-01 ],
            [ 3.00000e+02, 1.289e-01 ],
            [ 4.00000e+02, 1.006e-01 ],
            [ 5.00000e+02, 8.613e-02 ],
            [ 6.00000e+02, 7.703e-02 ],
            [ 8.00000e+02, 6.546e-02 ],
            [ 1.00000e+03, 5.795e-02 ],
            [ 1.25000e+03, 5.141e-02 ],
            [ 1.50000e+03, 4.692e-02 ],
            [ 2.00000e+03, 4.137e-02 ],
            [ 3.00000e+03, 3.628e-02 ],
            [ 4.00000e+03, 3.428e-02 ],
            [ 5.00000e+03, 3.355e-02 ],
            [ 6.00000e+03, 3.341e-02 ],
            [ 8.00000e+03, 3.399e-02 ],
            [ 1.00000e+04, 3.504e-02 ],
            [ 1.50000e+04, 3.790e-02 ],
            [ 2.00000e+04, 4.048e-02 ]
        ]
    }
}
