{
    "density": 6.506e+00,
    "name": "Zirconium",
    "type-id": 30,
    "parameters": {
        "data": [
            [ 1.00000e+00, 4.210e+03 ],
            [ 1.50000e+00, 1.631e+03 ],
            [ 2.00000e+00, 8.115e+02 ],
            [ 2.22229e+00, 6.258e+02 ],
            [ 2.22230e+00, 2.392e+03 ],
            [ 2.26411e+00, 2.239e+03 ],
            [ 2.30669e+00, 2.120e+03 ],
            [ 2.30670e+00, 2.953e+03 ],
            [ 2.41654e+00, 2.641e+03 ],
            [ 2.53159e+00, 2.359e+03 ],
            [ 2.53160e+00, 2.691e+03 ],
            [ 3.00000e+00, 1.772e+03 ],
            [ 4.00000e+00, 8.507e+02 ],
            [ 5.00000e+00, 4.755e+02 ],
            [ 6.00000e+00, 2.935e+02 ],
            [ 8.00000e+00, 1.356e+02 ],
            [ 1.00000e+01, 7.417e+01 ],
            [ 1.50000e+01, 2.463e+01 ],
            [ 1.79975e+01, 1.501e+01 ],
            [ 1.79976e+01, 9.470e+01 ],
            [ 2.00000e+01, 7.237e+01 ],
            [ 3.00000e+01, 2.485e+01 ],
            [ 4.00000e+01, 1.139e+01 ],
            [ 5.00000e+01, 6.173e+00 ],
            [ 6.00000e+01, 3.744e+00 ],
            [ 8.00000e+01, 1.721e+00 ],
            [ 1.00000e+02, 9.658e-01 ],
            [ 1.50000e+02, 3.790e-01 ],
            [ 2.00000e+02, 2.237e-01 ],
            [ 3.00000e+02, 1.318e-01 ],
            [ 4.00000e+02, 1.018e-01 ],
            [ 5.00000e+02, 8.693e-02 ],
            [ 6.00000e+02, 7.756e-02 ],
            [ 8.00000e+02, 6.571e-02 ],
            [ 1.00000e+03, 5.810e-02 ],
            [ 1.25000e+03, 5.150e-02 ],
            [ 1.50000e+03, 4.700e-02 ],
            [ 2.00000e+03, 4.146e-02 ],
            [ 3.00000e+03, 3.644e-02 ],
            [ 4.00000e+03, 3.451e-02 ],
            [ 5.00000e+03, 3.384e-02 ],
            [ 6.00000e+03, 3.374e-02 ],
            [ 8.00000e+03, 3.441e-02 ],
            [ 1.00000e+04, 3.554e-02 ],
            [ 1.50000e+04, 3.855e-02 ],
            [ 2.00000e+04, 4.122e-02 ]
        ]
    }
}
