{
    "density": 8.570e+00,
    "name": "Niobium",
    "type-id": 30,
    "parameters": {
        "data": [
            [ 1.00000e+00, 4.600e+03 ],
            [ 1.50000e+00, 1.786e+03 ],
            [ 2.00000e+00, 8.893e+02 ],
            [ 2.37049e+00, 5.844e+02 ],
            [ 2.37050e+00, 2.181e+03 ],
            [ 2.41714e+00, 2.045e+03 ],
            [ 2.46469e+00, 1.935e+03 ],
            [ 2.46470e+00, 2.694e+03 ],
            [ 2.57857e+00, 2.412e+03 ],
            [ 2.69769e+00, 2.161e+03 ],
            [ 2.69770e+00, 2.470e+03 ],
            [ 3.00000e+00, 1.906e+03 ],
            [ 4.00000e+00, 9.164e+02 ],
            [ 5.00000e+00, 5.134e+02 ],
            [ 6.00000e+00, 3.172e+02 ],
            [ 8.00000e+00, 1.469e+02 ],
            [ 1.00000e+01, 8.038e+01 ],
            [ 1.50000e+01, 2.672e+01 ],
            [ 1.89855e+01, 1.409e+01 ],
            [ 1.89856e+01, 8.784e+01 ],
            [ 2.00000e+01, 7.712e+01 ],
            [ 3.00000e+01, 2.666e+01 ],
            [ 4.00000e+01, 1.223e+01 ],
            [ 5.00000e+01, 6.644e+00 ],
            [ 6.00000e+01, 4.032e+00 ],
            [ 8.00000e+01, 1.852e+00 ],
            [ 1.00000e+02, 1.037e+00 ],
            [ 1.50000e+02, 4.023e-01 ],
            [ 2.00000e+02, 2.344e-01 ],
            [ 3.00000e+02, 1.357e-01 ],
            [ 4.00000e+02, 1.040e-01 ],
            [ 5.00000e+02, 8.831e-02 ],
            [ 6.00000e+02, 7.858e-02 ],
            [ 8.00000e+02, 6.642e-02 ],
            [ 1.00000e+03, 5.866e-02 ],
            [ 1.25000e+03, 5.196e-02 ],
            [ 1.50000e+03, 4.741e-02 ],
            [ 2.00000e+03, 4.185e-02 ],
            [ 3.00000e+03, 3.686e-02 ],
            [ 4.00000e+03, 3.498e-02 ],
            [ 5.00000e+03, 3.436e-02 ],
            [ 6.00000e+03, 3.432e-02 ],
            [ 8.00000e+03, 3.508e-02 ],
            [ 1.00000e+04, 3.628e-02 ],
            [ 1.50000e+04, 3.944e-02 ],
            [ 2.00000e+04, 4.224e-02 ]
        ]
    }
}
