{
    "density": 1.022e+01,
    "name": "Molybdenum",
    "type-id": 30,
    "parameters": {
        "data": [
            [ 1.00000e+00, 4.942e+03 ],
            [ 1.50000e+00, 1.925e+03 ],
            [ 2.00000e+00, 9.593e+02 ],
            [ 2.52019e+00, 5.415e+02 ],
            [ 2.52020e+00, 1.979e+03 ],
            [ 2.57212e+00, 1.854e+03 ],
            [ 2.62509e+00, 1.750e+03 ],
            [ 2.62510e+00, 2.433e+03 ],
            [ 2.74267e+00, 2.183e+03 ],
            [ 2.86549e+00, 1.961e+03 ],
            [ 2.86550e+00, 2.243e+03 ],
            [ 3.00000e+00, 2.011e+03 ],
            [ 4.00000e+00, 9.703e+02 ],
            [ 5.00000e+00, 5.450e+02 ],
            [ 6.00000e+00, 3.373e+02 ],
            [ 8.00000e+00, 1.565e+02 ],
            [ 1.00000e+01, 8.576e+01 ],
            [ 1.50000e+01, 2.854e+01 ],
            [ 1.99994e+01, 1.308e+01 ],
            [ 1.99995e+01, 8.055e+01 ],
            [ 2.00000e+01, 8.054e+01 ],
            [ 3.00000e+01, 2.810e+01 ],
            [ 4.00000e+01, 1.294e+01 ],
            [ 5.00000e+01, 7.037e+00 ],
            [ 6.00000e+01, 4.274e+00 ],
            [ 8.00000e+01, 1.962e+00 ],
            [ 1.00000e+02, 1.096e+00 ],
            [ 1.50000e+02, 4.208e-01 ],
            [ 2.00000e+02, 2.423e-01 ],
            [ 3.00000e+02, 1.379e-01 ],
            [ 4.00000e+02, 1.047e-01 ],
            [ 5.00000e+02, 8.848e-02 ],
            [ 6.00000e+02, 7.851e-02 ],
            [ 8.00000e+02, 6.619e-02 ],
            [ 1.00000e+03, 5.837e-02 ],
            [ 1.25000e+03, 5.167e-02 ],
            [ 1.50000e+03, 4.713e-02 ],
            [ 2.00000e+03, 4.163e-02 ],
            [ 3.00000e+03, 3.675e-02 ],
            [ 4.00000e+03, 3.496e-02 ],
            [ 5.00000e+03, 3.439e-02 ],
            [ 6.00000e+03, 3.440e-02 ],
            [ 8.00000e+03, 3.523e-02 ],
            [ 1.00000e+04, 3.650e-02 ],
            [ 1.50000e+04, 3.978e-02 ],
            [ 2.00000e+04, 4.264e-02 ]
        ]
    }
}
