{
    "density": 1.150e+01,
    "name": "Technetium",
    "type-id": 30,
    "parameters": {
        "data": [
            [ 1.00000e+00, 5.356e+03 ],
            [ 1.50000e+00, 2.092e+03 ],
            [ 2.00000e+00, 1.044e+03 ],
            [ 2.67689e+00, 5.072e+02 ],
            [ 2.67690e+00, 1.812e+03 ],
            [ 2.73443e+00, 1.699e+03 ],
            [ 2.79319e+00, 1.602e+03 ],
            [ 2.79320e+00, 2.223e+03 ],
            [ 3.00000e+00, 1.862e+03 ],
            [ 3.04249e+00, 1.800e+03 ],
            [ 3.04250e+00, 2.059e+03 ],
            [ 4.00000e+00, 1.036e+03 ],
            [ 5.00000e+00, 5.836e+02 ],
            [ 6.00000e+00, 3.619e+02 ],
            [ 8.00000e+00, 1.683e+02 ],
            [ 1.00000e+01, 9.231e+01 ],
            [ 1.50000e+01, 3.076e+01 ],
            [ 2.00000e+01, 1.410e+01 ],
            [ 2.10439e+01, 1.229e+01 ],
            [ 2.10440e+01, 7.481e+01 ],
            [ 3.00000e+01, 2.993e+01 ],
            [ 4.00000e+01, 1.381e+01 ],
            [ 5.00000e+01, 7.521e+00 ],
            [ 6.00000e+01, 4.571e+00 ],
            [ 8.00000e+01, 2.099e+00 ],
            [ 1.00000e+02, 1.169e+00 ],
            [ 1.50000e+02, 4.449e-01 ],
            [ 2.00000e+02, 2.534e-01 ],
            [ 3.00000e+02, 1.418e-01 ],
            [ 4.00000e+02, 1.066e-01 ],
            [ 5.00000e+02, 8.968e-02 ],
            [ 6.00000e+02, 7.935e-02 ],
            [ 8.00000e+02, 6.674e-02 ],
            [ 1.00000e+03, 5.876e-02 ],
            [ 1.25000e+03, 5.197e-02 ],
            [ 1.50000e+03, 4.740e-02 ],
            [ 2.00000e+03, 4.189e-02 ],
            [ 3.00000e+03, 3.705e-02 ],
            [ 4.00000e+03, 3.532e-02 ],
            [ 5.00000e+03, 3.482e-02 ],
            [ 6.00000e+03, 3.487e-02 ],
            [ 8.00000e+03, 3.578e-02 ],
            [ 1.00000e+04, 3.712e-02 ],
            [ 1.50000e+04, 4.055e-02 ],
            [ 2.00000e+04, 4.353e-02 ]
        ]
    }
}
