{
    "density": 1.241e+01,
    "name": "Ruthenium",
    "type-id": 30,
    "parameters": {
        "data": [
            [ 1.00000e+00, 5.718e+03 ],
            [ 1.50000e+00, 2.240e+03 ],
            [ 2.00000e+00, 1.120e+03 ],
            [ 2.83789e+00, 4.704e+02 ],
            [ 2.83790e+00, 1.644e+03 ],
            [ 2.90168e+00, 1.542e+03 ],
            [ 2.96689e+00, 1.452e+03 ],
            [ 2.96690e+00, 2.317e+03 ],
            [ 3.00000e+00, 1.963e+03 ],
            [ 3.22399e+00, 1.638e+03 ],
            [ 3.22400e+00, 1.874e+03 ],
            [ 4.00000e+00, 1.095e+03 ],
            [ 5.00000e+00, 6.165e+02 ],
            [ 6.00000e+00, 3.832e+02 ],
            [ 8.00000e+00, 1.785e+02 ],
            [ 1.00000e+01, 9.800e+01 ],
            [ 1.50000e+01, 3.270e+01 ],
            [ 2.00000e+01, 1.499e+01 ],
            [ 2.21171e+01, 1.143e+01 ],
            [ 2.21172e+01, 6.876e+01 ],
            [ 3.00000e+01, 3.139e+01 ],
            [ 4.00000e+01, 1.452e+01 ],
            [ 5.00000e+01, 7.926e+00 ],
            [ 6.00000e+01, 4.822e+00 ],
            [ 8.00000e+01, 2.215e+00 ],
            [ 1.00000e+02, 1.232e+00 ],
            [ 1.50000e+02, 4.647e-01 ],
            [ 2.00000e+02, 2.618e-01 ],
            [ 3.00000e+02, 1.440e-01 ],
            [ 4.00000e+02, 1.074e-01 ],
            [ 5.00000e+02, 8.992e-02 ],
            [ 6.00000e+02, 7.933e-02 ],
            [ 8.00000e+02, 6.647e-02 ],
            [ 1.00000e+03, 5.846e-02 ],
            [ 1.25000e+03, 5.166e-02 ],
            [ 1.50000e+03, 4.710e-02 ],
            [ 2.00000e+03, 4.164e-02 ],
            [ 3.00000e+03, 3.692e-02 ],
            [ 4.00000e+03, 3.527e-02 ],
            [ 5.00000e+03, 3.482e-02 ],
            [ 6.00000e+03, 3.491e-02 ],
            [ 8.00000e+03, 3.591e-02 ],
            [ 1.00000e+04, 3.730e-02 ],
            [ 1.50000e+04, 4.084e-02 ],
            [ 2.00000e+04, 4.387e-02 ]
        ]
    }
}
