{
    "density": 1.241e+01,
    "name": "Rhodium",
    "type-id": 30,
    "parameters": {
        "data": [
            [ 1.00000e+00, 6.169e+03 ],
            [ 1.50000e+00, 2.426e+03 ],
            [ 2.00000e+00, 1.214e+03 ],
            [ 3.00000e+00, 4.441e+02 ],
            [ 3.00379e+00, 4.427e+02 ],
            [ 3.00380e+00, 1.513e+03 ],
            [ 3.07413e+00, 1.422e+03 ],
            [ 3.14609e+00, 1.337e+03 ],
            [ 3.14610e+00, 1.847e+03 ],
            [ 3.27631e+00, 1.671e+03 ],
            [ 3.41189e+00, 1.512e+03 ],
            [ 3.41190e+00, 1.731e+03 ],
            [ 4.00000e+00, 1.170e+03 ],
            [ 5.00000e+00, 6.589e+02 ],
            [ 6.00000e+00, 4.101e+02 ],
            [ 8.00000e+00, 1.915e+02 ],
            [ 1.00000e+01, 1.053e+02 ],
            [ 1.50000e+01, 3.518e+01 ],
            [ 2.00000e+01, 1.613e+01 ],
            [ 2.32198e+01, 1.079e+01 ],
            [ 2.32199e+01, 6.414e+01 ],
            [ 3.00000e+01, 3.330e+01 ],
            [ 4.00000e+01, 1.544e+01 ],
            [ 5.00000e+01, 8.448e+00 ],
            [ 6.00000e+01, 5.147e+00 ],
            [ 8.00000e+01, 2.365e+00 ],
            [ 1.00000e+02, 1.314e+00 ],
            [ 1.50000e+02, 4.916e-01 ],
            [ 2.00000e+02, 2.742e-01 ],
            [ 3.00000e+02, 1.485e-01 ],
            [ 4.00000e+02, 1.097e-01 ],
            [ 5.00000e+02, 9.134e-02 ],
            [ 6.00000e+02, 8.035e-02 ],
            [ 8.00000e+02, 6.711e-02 ],
            [ 1.00000e+03, 5.894e-02 ],
            [ 1.25000e+03, 5.204e-02 ],
            [ 1.50000e+03, 4.744e-02 ],
            [ 2.00000e+03, 4.197e-02 ],
            [ 3.00000e+03, 3.728e-02 ],
            [ 4.00000e+03, 3.568e-02 ],
            [ 5.00000e+03, 3.529e-02 ],
            [ 6.00000e+03, 3.542e-02 ],
            [ 8.00000e+03, 3.650e-02 ],
            [ 1.00000e+04, 3.797e-02 ],
            [ 1.50000e+04, 4.166e-02 ],
            [ 2.00000e+04, 4.481e-02 ]
        ]
    }
}
