{
    "density": 1.202e+01,
    "name": "Palladium",
    "type-id": 30,
    "parameters": {
        "data": [
            [ 1.00000e+00, 6.538e+03 ],
            [ 1.50000e+00, 2.579e+03 ],
            [ 2.00000e+00, 1.292e+03 ],
            [ 3.00000e+00, 4.730e+02 ],
            [ 3.17329e+00, 4.106e+02 ],
            [ 3.17330e+00, 1.355e+03 ],
            [ 3.25085e+00, 1.287e+03 ],
            [ 3.33029e+00, 1.215e+03 ],
            [ 3.33030e+00, 1.664e+03 ],
            [ 3.46459e+00, 1.518e+03 ],
            [ 3.60429e+00, 1.379e+03 ],
            [ 3.60430e+00, 1.582e+03 ],
            [ 4.00000e+00, 1.227e+03 ],
            [ 5.00000e+00, 6.912e+02 ],
            [ 6.00000e+00, 4.308e+02 ],
            [ 8.00000e+00, 2.017e+02 ],
            [ 1.00000e+01, 1.110e+02 ],
            [ 1.50000e+01, 3.715e+01 ],
            [ 2.00000e+01, 1.704e+01 ],
            [ 2.43502e+01, 1.003e+01 ],
            [ 2.43503e+01, 5.898e+01 ],
            [ 3.00000e+01, 3.465e+01 ],
            [ 4.00000e+01, 1.614e+01 ],
            [ 5.00000e+01, 8.850e+00 ],
            [ 6.00000e+01, 5.399e+00 ],
            [ 8.00000e+01, 2.481e+00 ],
            [ 1.00000e+02, 1.377e+00 ],
            [ 1.50000e+02, 5.115e-01 ],
            [ 2.00000e+02, 2.827e-01 ],
            [ 3.00000e+02, 1.506e-01 ],
            [ 4.00000e+02, 1.103e-01 ],
            [ 5.00000e+02, 9.134e-02 ],
            [ 6.00000e+02, 8.010e-02 ],
            [ 8.00000e+02, 6.669e-02 ],
            [ 1.00000e+03, 5.849e-02 ],
            [ 1.25000e+03, 5.159e-02 ],
            [ 1.50000e+03, 4.702e-02 ],
            [ 2.00000e+03, 4.162e-02 ],
            [ 3.00000e+03, 3.704e-02 ],
            [ 4.00000e+03, 3.552e-02 ],
            [ 5.00000e+03, 3.518e-02 ],
            [ 6.00000e+03, 3.537e-02 ],
            [ 8.00000e+03, 3.651e-02 ],
            [ 1.00000e+04, 3.802e-02 ],
            [ 1.50000e+04, 4.181e-02 ],
            [ 2.00000e+04, 4.501e-02 ]
        ]
    }
}
