{
    "density": 1.050e+01,
    "name": "Silver",
    "type-id": 30,
    "parameters": {
        "data": [
            [ 1.00000e+00, 7.039e+03 ],
            [ 1.50000e+00, 2.790e+03 ],
            [ 2.00000e+00, 1.401e+03 ],
            [ 3.00000e+00, 5.136e+02 ],
            [ 3.35109e+00, 3.887e+02 ],
            [ 3.35110e+00, 1.274e+03 ],
            [ 3.43632e+00, 1.200e+03 ],
            [ 3.52369e+00, 1.126e+03 ],
            [ 3.52370e+00, 1.547e+03 ],
            [ 3.66203e+00, 1.409e+03 ],
            [ 3.80579e+00, 1.282e+03 ],
            [ 3.80580e+00, 1.468e+03 ],
            [ 4.00000e+00, 1.305e+03 ],
            [ 5.00000e+00, 7.385e+02 ],
            [ 6.00000e+00, 4.610e+02 ],
            [ 8.00000e+00, 2.164e+02 ],
            [ 1.00000e+01, 1.193e+02 ],
            [ 1.50000e+01, 3.998e+01 ],
            [ 2.00000e+01, 1.836e+01 ],
            [ 2.55139e+01, 9.527e+00 ],
            [ 2.55140e+01, 5.539e+01 ],
            [ 3.00000e+01, 3.668e+01 ],
            [ 4.00000e+01, 1.720e+01 ],
            [ 5.00000e+01, 9.444e+00 ],
            [ 6.00000e+01, 5.766e+00 ],
            [ 8.00000e+01, 2.651e+00 ],
            [ 1.00000e+02, 1.470e+00 ],
            [ 1.50000e+02, 5.426e-01 ],
            [ 2.00000e+02, 2.972e-01 ],
            [ 3.00000e+02, 1.560e-01 ],
            [ 4.00000e+02, 1.131e-01 ],
            [ 5.00000e+02, 9.321e-02 ],
            [ 6.00000e+02, 8.153e-02 ],
            [ 8.00000e+02, 6.766e-02 ],
            [ 1.00000e+03, 5.921e-02 ],
            [ 1.25000e+03, 5.217e-02 ],
            [ 1.50000e+03, 4.754e-02 ],
            [ 2.00000e+03, 4.209e-02 ],
            [ 3.00000e+03, 3.754e-02 ],
            [ 4.00000e+03, 3.606e-02 ],
            [ 5.00000e+03, 3.577e-02 ],
            [ 6.00000e+03, 3.601e-02 ],
            [ 8.00000e+03, 3.723e-02 ],
            [ 1.00000e+04, 3.882e-02 ],
            [ 1.50000e+04, 4.276e-02 ],
            [ 2.00000e+04, 4.609e-02 ]
        ]
    }
}
