{
    "density": 8.650e+00,
    "name": "Cadmium",
    "type-id": 30,
    "parameters": {
        "data": [
            [ 1.00000e+00, 7.350e+03 ],
            [ 1.50000e+00, 2.931e+03 ],
            [ 2.00000e+00, 1.473e+03 ],
            [ 3.00000e+00, 5.414e+02 ],
            [ 3.53749e+00, 3.575e+02 ],
            [ 3.53750e+00, 1.152e+03 ],
            [ 3.63101e+00, 1.083e+03 ],
            [ 3.72699e+00, 1.013e+03 ],
            [ 3.72700e+00, 1.389e+03 ],
            [ 4.00000e+00, 1.170e+03 ],
            [ 4.01799e+00, 1.157e+03 ],
            [ 4.01800e+00, 1.324e+03 ],
            [ 5.00000e+00, 7.685e+02 ],
            [ 6.00000e+00, 4.793e+02 ],
            [ 8.00000e+00, 2.254e+02 ],
            [ 1.00000e+01, 1.244e+02 ],
            [ 1.50000e+01, 4.178e+01 ],
            [ 2.00000e+01, 1.920e+01 ],
            [ 2.67111e+01, 8.809e+00 ],
            [ 2.67112e+01, 5.065e+01 ],
            [ 3.00000e+01, 3.765e+01 ],
            [ 4.00000e+01, 1.778e+01 ],
            [ 5.00000e+01, 9.779e+00 ],
            [ 6.00000e+01, 5.975e+00 ],
            [ 8.00000e+01, 2.751e+00 ],
            [ 1.00000e+02, 1.524e+00 ],
            [ 1.50000e+02, 5.593e-01 ],
            [ 2.00000e+02, 3.038e-01 ],
            [ 3.00000e+02, 1.571e-01 ],
            [ 4.00000e+02, 1.129e-01 ],
            [ 5.00000e+02, 9.250e-02 ],
            [ 6.00000e+02, 8.064e-02 ],
            [ 8.00000e+02, 6.670e-02 ],
            [ 1.00000e+03, 5.826e-02 ],
            [ 1.25000e+03, 5.129e-02 ],
            [ 1.50000e+03, 4.673e-02 ],
            [ 2.00000e+03, 4.139e-02 ],
            [ 3.00000e+03, 3.698e-02 ],
            [ 4.00000e+03, 3.559e-02 ],
            [ 5.00000e+03, 3.536e-02 ],
            [ 6.00000e+03, 3.563e-02 ],
            [ 8.00000e+03, 3.691e-02 ],
            [ 1.00000e+04, 3.853e-02 ],
            [ 1.50000e+04, 4.253e-02 ],
            [ 2.00000e+04, 4.587e-02 ]
        ]
    }
}
