{
    "density": 7.310e+00,
    "name": "Indium",
    "type-id": 30,
    "parameters": {
        "data": [
            [ 1.00000e+00, 7.809e+03 ],
            [ 1.50000e+00, 3.131e+03 ],
            [ 2.00000e+00, 1.578e+03 ],
            [ 3.00000e+00, 5.808e+02 ],
            [ 3.73009e+00, 3.356e+02 ],
            [ 3.73010e+00, 1.046e+03 ],
            [ 3.83264e+00, 9.930e+02 ],
            [ 3.93799e+00, 9.313e+02 ],
            [ 3.93800e+00, 1.261e+03 ],
            [ 4.00000e+00, 1.231e+03 ],
            [ 4.23749e+00, 1.066e+03 ],
            [ 4.23750e+00, 1.223e+03 ],
            [ 5.00000e+00, 8.134e+02 ],
            [ 6.00000e+00, 5.072e+02 ],
            [ 8.00000e+00, 2.391e+02 ],
            [ 1.00000e+01, 1.321e+02 ],
            [ 1.50000e+01, 4.445e+01 ],
            [ 2.00000e+01, 2.044e+01 ],
            [ 2.79398e+01, 8.316e+00 ],
            [ 2.79399e+01, 4.733e+01 ],
            [ 3.00000e+01, 3.949e+01 ],
            [ 4.00000e+01, 1.873e+01 ],
            [ 5.00000e+01, 1.030e+01 ],
            [ 6.00000e+01, 6.306e+00 ],
            [ 8.00000e+01, 2.907e+00 ],
            [ 1.00000e+02, 1.609e+00 ],
            [ 1.50000e+02, 5.876e-01 ],
            [ 2.00000e+02, 3.167e-01 ],
            [ 3.00000e+02, 1.614e-01 ],
            [ 4.00000e+02, 1.149e-01 ],
            [ 5.00000e+02, 9.371e-02 ],
            [ 6.00000e+02, 8.138e-02 ],
            [ 8.00000e+02, 6.707e-02 ],
            [ 1.00000e+03, 5.849e-02 ],
            [ 1.25000e+03, 5.144e-02 ],
            [ 1.50000e+03, 4.684e-02 ],
            [ 2.00000e+03, 4.151e-02 ],
            [ 3.00000e+03, 3.715e-02 ],
            [ 4.00000e+03, 3.582e-02 ],
            [ 5.00000e+03, 3.564e-02 ],
            [ 6.00000e+03, 3.596e-02 ],
            [ 8.00000e+03, 3.730e-02 ],
            [ 1.00000e+04, 3.898e-02 ],
            [ 1.50000e+04, 4.311e-02 ],
            [ 2.00000e+04, 4.654e-02 ]
        ]
    }
}
