{
    "density": 7.310e+00,
    "name": "Tin",
    "type-id": 30,
    "parameters": {
        "data": [
            [ 1.00000e+00, 8.157e+03 ],
            [ 1.50000e+00, 3.296e+03 ],
            [ 2.00000e+00, 1.665e+03 ],
            [ 3.00000e+00, 6.143e+02 ],
            [ 3.92879e+00, 3.114e+02 ],
            [ 3.92880e+00, 9.285e+02 ],
            [ 4.00000e+00, 9.393e+02 ],
            [ 4.15609e+00, 8.469e+02 ],
            [ 4.15610e+00, 1.145e+03 ],
            [ 4.30764e+00, 1.060e+03 ],
            [ 4.46469e+00, 9.712e+02 ],
            [ 4.46470e+00, 1.117e+03 ],
            [ 5.00000e+00, 8.471e+02 ],
            [ 6.00000e+00, 5.294e+02 ],
            [ 8.00000e+00, 2.500e+02 ],
            [ 1.00000e+01, 1.384e+02 ],
            [ 1.50000e+01, 4.664e+01 ],
            [ 2.00000e+01, 2.146e+01 ],
            [ 2.92000e+01, 7.760e+00 ],
            [ 2.92001e+01, 4.360e+01 ],
            [ 3.00000e+01, 4.121e+01 ],
            [ 4.00000e+01, 1.942e+01 ],
            [ 5.00000e+01, 1.070e+01 ],
            [ 6.00000e+01, 6.564e+00 ],
            [ 8.00000e+01, 3.029e+00 ],
            [ 1.00000e+02, 1.676e+00 ],
            [ 1.50000e+02, 6.091e-01 ],
            [ 2.00000e+02, 3.260e-01 ],
            [ 3.00000e+02, 1.639e-01 ],
            [ 4.00000e+02, 1.156e-01 ],
            [ 5.00000e+02, 9.374e-02 ],
            [ 6.00000e+02, 8.113e-02 ],
            [ 8.00000e+02, 6.662e-02 ],
            [ 1.00000e+03, 5.800e-02 ],
            [ 1.25000e+03, 5.095e-02 ],
            [ 1.50000e+03, 4.638e-02 ],
            [ 2.00000e+03, 4.112e-02 ],
            [ 3.00000e+03, 3.686e-02 ],
            [ 4.00000e+03, 3.561e-02 ],
            [ 5.00000e+03, 3.548e-02 ],
            [ 6.00000e+03, 3.583e-02 ],
            [ 8.00000e+03, 3.724e-02 ],
            [ 1.00000e+04, 3.895e-02 ],
            [ 1.50000e+04, 4.315e-02 ],
            [ 2.00000e+04, 4.662e-02 ]
        ]
    }
}
