{
    "density": 6.691e+00,
    "name": "Antimony",
    "type-id": 30,
    "parameters": {
        "data": [
            [ 1.00000e+00, 8.582e+03 ],
            [ 1.50000e+00, 3.491e+03 ],
            [ 2.00000e+00, 1.767e+03 ],
            [ 3.00000e+00, 6.536e+02 ],
            [ 4.00000e+00, 3.169e+02 ],
            [ 4.13219e+00, 2.918e+02 ],
            [ 4.13220e+00, 8.691e+02 ],
            [ 4.25449e+00, 8.308e+02 ],
            [ 4.38039e+00, 7.776e+02 ],
            [ 4.38040e+00, 1.050e+03 ],
            [ 4.53657e+00, 9.743e+02 ],
            [ 4.69829e+00, 8.939e+02 ],
            [ 4.69830e+00, 1.029e+03 ],
            [ 5.00000e+00, 8.846e+02 ],
            [ 6.00000e+00, 5.569e+02 ],
            [ 8.00000e+00, 2.631e+02 ],
            [ 1.00000e+01, 1.459e+02 ],
            [ 1.50000e+01, 4.923e+01 ],
            [ 2.00000e+01, 2.268e+01 ],
            [ 3.00000e+01, 7.631e+00 ],
            [ 3.04911e+01, 7.307e+00 ],
            [ 3.04912e+01, 4.073e+01 ],
            [ 4.00000e+01, 2.027e+01 ],
            [ 5.00000e+01, 1.120e+01 ],
            [ 6.00000e+01, 6.879e+00 ],
            [ 8.00000e+01, 3.176e+00 ],
            [ 1.00000e+02, 1.758e+00 ],
            [ 1.50000e+02, 6.361e-01 ],
            [ 2.00000e+02, 3.381e-01 ],
            [ 3.00000e+02, 1.677e-01 ],
            [ 4.00000e+02, 1.172e-01 ],
            [ 5.00000e+02, 9.453e-02 ],
            [ 6.00000e+02, 8.153e-02 ],
            [ 8.00000e+02, 6.670e-02 ],
            [ 1.00000e+03, 5.797e-02 ],
            [ 1.25000e+03, 5.086e-02 ],
            [ 1.50000e+03, 4.628e-02 ],
            [ 2.00000e+03, 4.105e-02 ],
            [ 3.00000e+03, 3.686e-02 ],
            [ 4.00000e+03, 3.567e-02 ],
            [ 5.00000e+03, 3.559e-02 ],
            [ 6.00000e+03, 3.598e-02 ],
            [ 8.00000e+03, 3.745e-02 ],
            [ 1.00000e+04, 3.921e-02 ],
            [ 1.50000e+04, 4.351e-02 ],
            [ 2.00000e+04, 4.704e-02 ]
        ]
    }
}
