{
    "density": 6.240e+00,
    "name": "Tellurium",
    "type-id": 30,
    "parameters": {
        "data": [
            [ 1.00000e+00, 8.434e+03 ],
            [ 1.00300e+00, 8.380e+03 ],
            [ 1.00599e+00, 8.326e+03 ],
            [ 1.00600e+00, 8.684e+03 ],
            [ 1.50000e+00, 3.608e+03 ],
            [ 2.00000e+00, 1.832e+03 ],
            [ 3.00000e+00, 6.792e+02 ],
            [ 4.00000e+00, 3.297e+02 ],
            [ 4.34139e+00, 2.678e+02 ],
            [ 4.34140e+00, 7.882e+02 ],
            [ 4.47465e+00, 7.504e+02 ],
            [ 4.61199e+00, 6.995e+02 ],
            [ 4.61200e+00, 9.445e+02 ],
            [ 4.77280e+00, 8.782e+02 ],
            [ 4.93919e+00, 8.062e+02 ],
            [ 4.93920e+00, 9.292e+02 ],
            [ 5.00000e+00, 9.014e+02 ],
            [ 6.00000e+00, 5.721e+02 ],
            [ 8.00000e+00, 2.702e+02 ],
            [ 1.00000e+01, 1.501e+02 ],
            [ 1.50000e+01, 5.078e+01 ],
            [ 2.00000e+01, 2.341e+01 ],
            [ 3.00000e+01, 7.878e+00 ],
            [ 3.18137e+01, 6.738e+00 ],
            [ 3.18138e+01, 3.719e+01 ],
            [ 4.00000e+01, 2.064e+01 ],
            [ 5.00000e+01, 1.145e+01 ],
            [ 6.00000e+01, 7.041e+00 ],
            [ 8.00000e+01, 3.255e+00 ],
            [ 1.00000e+02, 1.801e+00 ],
            [ 1.50000e+02, 6.492e-01 ],
            [ 2.00000e+02, 3.429e-01 ],
            [ 3.00000e+02, 1.679e-01 ],
            [ 4.00000e+02, 1.163e-01 ],
            [ 5.00000e+02, 9.328e-02 ],
            [ 6.00000e+02, 8.022e-02 ],
            [ 8.00000e+02, 6.538e-02 ],
            [ 1.00000e+03, 5.669e-02 ],
            [ 1.25000e+03, 4.967e-02 ],
            [ 1.50000e+03, 4.518e-02 ],
            [ 2.00000e+03, 4.009e-02 ],
            [ 3.00000e+03, 3.606e-02 ],
            [ 4.00000e+03, 3.494e-02 ],
            [ 5.00000e+03, 3.492e-02 ],
            [ 6.00000e+03, 3.534e-02 ],
            [ 8.00000e+03, 3.683e-02 ],
            [ 1.00000e+04, 3.860e-02 ],
            [ 1.50000e+04, 4.290e-02 ],
            [ 2.00000e+04, 4.642e-02 ]
        ]
    }
}
