{
    "density": 4.930e+00,
    "name": "Iodine",
    "type-id": 30,
    "parameters": {
        "data": [
            [ 1.00000e+00, 9.096e+03 ],
            [ 1.03542e+00, 8.465e+03 ],
            [ 1.07209e+00, 7.863e+03 ],
            [ 1.07210e+00, 8.198e+03 ],
            [ 1.50000e+00, 3.919e+03 ],
            [ 2.00000e+00, 1.997e+03 ],
            [ 3.00000e+00, 7.420e+02 ],
            [ 4.00000e+00, 3.607e+02 ],
            [ 4.55709e+00, 2.592e+02 ],
            [ 4.55710e+00, 7.550e+02 ],
            [ 4.70229e+00, 7.123e+02 ],
            [ 4.85209e+00, 6.636e+02 ],
            [ 4.85210e+00, 8.943e+02 ],
            [ 5.00000e+00, 8.430e+02 ],
            [ 5.18809e+00, 7.665e+02 ],
            [ 5.18810e+00, 8.837e+02 ],
            [ 6.00000e+00, 6.173e+02 ],
            [ 8.00000e+00, 2.922e+02 ],
            [ 1.00000e+01, 1.626e+02 ],
            [ 1.50000e+01, 5.512e+01 ],
            [ 2.00000e+01, 2.543e+01 ],
            [ 3.00000e+01, 8.561e+00 ],
            [ 3.31693e+01, 6.553e+00 ],
            [ 3.31694e+01, 3.582e+01 ],
            [ 4.00000e+01, 2.210e+01 ],
            [ 5.00000e+01, 1.232e+01 ],
            [ 6.00000e+01, 7.579e+00 ],
            [ 8.00000e+01, 3.510e+00 ],
            [ 1.00000e+02, 1.942e+00 ],
            [ 1.50000e+02, 6.978e-01 ],
            [ 2.00000e+02, 3.663e-01 ],
            [ 3.00000e+02, 1.771e-01 ],
            [ 4.00000e+02, 1.217e-01 ],
            [ 5.00000e+02, 9.701e-02 ],
            [ 6.00000e+02, 8.313e-02 ],
            [ 8.00000e+02, 6.749e-02 ],
            [ 1.00000e+03, 5.841e-02 ],
            [ 1.25000e+03, 5.111e-02 ],
            [ 1.50000e+03, 4.647e-02 ],
            [ 2.00000e+03, 4.124e-02 ],
            [ 3.00000e+03, 3.716e-02 ],
            [ 4.00000e+03, 3.607e-02 ],
            [ 5.00000e+03, 3.608e-02 ],
            [ 6.00000e+03, 3.655e-02 ],
            [ 8.00000e+03, 3.815e-02 ],
            [ 1.00000e+04, 4.002e-02 ],
            [ 1.50000e+04, 4.455e-02 ],
            [ 2.00000e+04, 4.823e-02 ]
        ]
    }
}
