{
    "density": 5.485e-03,
    "name": "Xenon",
    "type-id": 30,
    "parameters": {
        "data": [
            [ 1.00000e+00, 9.413e+03 ],
            [ 1.07191e+00, 8.151e+03 ],
            [ 1.14899e+00, 7.035e+03 ],
            [ 1.14900e+00, 7.338e+03 ],
            [ 1.50000e+00, 4.085e+03 ],
            [ 2.00000e+00, 2.088e+03 ],
            [ 3.00000e+00, 7.780e+02 ],
            [ 4.00000e+00, 3.787e+02 ],
            [ 4.78219e+00, 2.408e+02 ],
            [ 4.78220e+00, 6.941e+02 ],
            [ 5.00000e+00, 6.392e+02 ],
            [ 5.10369e+00, 6.044e+02 ],
            [ 5.10370e+00, 8.181e+02 ],
            [ 5.27536e+00, 7.579e+02 ],
            [ 5.45279e+00, 6.991e+02 ],
            [ 5.45280e+00, 8.064e+02 ],
            [ 6.00000e+00, 6.376e+02 ],
            [ 8.00000e+00, 3.032e+02 ],
            [ 1.00000e+01, 1.690e+02 ],
            [ 1.50000e+01, 5.743e+01 ],
            [ 2.00000e+01, 2.652e+01 ],
            [ 3.00000e+01, 8.930e+00 ],
            [ 3.45613e+01, 6.129e+00 ],
            [ 3.45614e+01, 3.316e+01 ],
            [ 4.00000e+01, 2.270e+01 ],
            [ 5.00000e+01, 1.272e+01 ],
            [ 6.00000e+01, 7.825e+00 ],
            [ 8.00000e+01, 3.633e+00 ],
            [ 1.00000e+02, 2.011e+00 ],
            [ 1.50000e+02, 7.202e-01 ],
            [ 2.00000e+02, 3.760e-01 ],
            [ 3.00000e+02, 1.797e-01 ],
            [ 4.00000e+02, 1.223e-01 ],
            [ 5.00000e+02, 9.699e-02 ],
            [ 6.00000e+02, 8.281e-02 ],
            [ 8.00000e+02, 6.696e-02 ],
            [ 1.00000e+03, 5.785e-02 ],
            [ 1.25000e+03, 5.054e-02 ],
            [ 1.50000e+03, 4.594e-02 ],
            [ 2.00000e+03, 4.078e-02 ],
            [ 3.00000e+03, 3.681e-02 ],
            [ 4.00000e+03, 3.577e-02 ],
            [ 5.00000e+03, 3.583e-02 ],
            [ 6.00000e+03, 3.634e-02 ],
            [ 8.00000e+03, 3.797e-02 ],
            [ 1.00000e+04, 3.987e-02 ],
            [ 1.50000e+04, 4.445e-02 ],
            [ 2.00000e+04, 4.815e-02 ]
        ]
    }
}
