{
    "density": 1.873e+00,
    "name": "Cesium",
    "type-id": 30,
    "parameters": {
        "data": [
            [ 1.00000e+00, 9.365e+03 ],
            [ 1.03199e+00, 8.775e+03 ],
            [ 1.06499e+00, 8.214e+03 ],
            [ 1.06500e+00, 8.685e+03 ],
            [ 1.13851e+00, 7.576e+03 ],
            [ 1.21709e+00, 6.584e+03 ],
            [ 1.21710e+00, 6.888e+03 ],
            [ 1.50000e+00, 4.335e+03 ],
            [ 2.00000e+00, 2.226e+03 ],
            [ 3.00000e+00, 8.319e+02 ],
            [ 4.00000e+00, 4.055e+02 ],
            [ 5.00000e+00, 2.303e+02 ],
            [ 5.01189e+00, 2.290e+02 ],
            [ 5.01190e+00, 6.674e+02 ],
            [ 5.18274e+00, 6.184e+02 ],
            [ 5.35939e+00, 5.645e+02 ],
            [ 5.35940e+00, 7.692e+02 ],
            [ 5.53401e+00, 7.146e+02 ],
            [ 5.71429e+00, 6.556e+02 ],
            [ 5.71430e+00, 7.547e+02 ],
            [ 6.00000e+00, 6.711e+02 ],
            [ 8.00000e+00, 3.214e+02 ],
            [ 1.00000e+01, 1.793e+02 ],
            [ 1.50000e+01, 6.104e+01 ],
            [ 2.00000e+01, 2.822e+01 ],
            [ 3.00000e+01, 9.507e+00 ],
            [ 3.59845e+01, 5.863e+00 ],
            [ 3.59846e+01, 3.143e+01 ],
            [ 4.00000e+01, 2.381e+01 ],
            [ 5.00000e+01, 1.340e+01 ],
            [ 6.00000e+01, 8.248e+00 ],
            [ 8.00000e+01, 3.836e+00 ],
            [ 1.00000e+02, 2.124e+00 ],
            [ 1.50000e+02, 7.589e-01 ],
            [ 2.00000e+02, 3.941e-01 ],
            [ 3.00000e+02, 1.863e-01 ],
            [ 4.00000e+02, 1.257e-01 ],
            [ 5.00000e+02, 9.912e-02 ],
            [ 6.00000e+02, 8.431e-02 ],
            [ 8.00000e+02, 6.789e-02 ],
            [ 1.00000e+03, 5.854e-02 ],
            [ 1.25000e+03, 5.108e-02 ],
            [ 1.50000e+03, 4.641e-02 ],
            [ 2.00000e+03, 4.121e-02 ],
            [ 3.00000e+03, 3.725e-02 ],
            [ 4.00000e+03, 3.625e-02 ],
            [ 5.00000e+03, 3.635e-02 ],
            [ 6.00000e+03, 3.689e-02 ],
            [ 8.00000e+03, 3.860e-02 ],
            [ 1.00000e+04, 4.057e-02 ],
            [ 1.50000e+04, 4.529e-02 ],
            [ 2.00000e+04, 4.910e-02 ]
        ]
    }
}
