{
    "density": 3.500e+00,
    "name": "Barium",
    "type-id": 30,
    "parameters": {
        "data": [
            [ 1.00000e+00, 8.543e+03 ],
            [ 1.03063e+00, 7.990e+03 ],
            [ 1.06219e+00, 7.465e+03 ],
            [ 1.06220e+00, 8.547e+03 ],
            [ 1.09882e+00, 7.957e+03 ],
            [ 1.13669e+00, 7.404e+03 ],
            [ 1.13670e+00, 7.837e+03 ],
            [ 1.21224e+00, 6.861e+03 ],
            [ 1.29279e+00, 5.985e+03 ],
            [ 1.29280e+00, 6.255e+03 ],
            [ 1.50000e+00, 4.499e+03 ],
            [ 2.00000e+00, 2.319e+03 ],
            [ 3.00000e+00, 8.696e+02 ],
            [ 4.00000e+00, 4.246e+02 ],
            [ 5.00000e+00, 2.414e+02 ],
            [ 5.24699e+00, 2.135e+02 ],
            [ 5.24700e+00, 6.098e+02 ],
            [ 5.43204e+00, 5.634e+02 ],
            [ 5.62359e+00, 5.169e+02 ],
            [ 5.62360e+00, 7.016e+02 ],
            [ 5.80333e+00, 6.507e+02 ],
            [ 5.98879e+00, 6.013e+02 ],
            [ 5.98880e+00, 6.930e+02 ],
            [ 6.00000e+00, 6.898e+02 ],
            [ 8.00000e+00, 3.334e+02 ],
            [ 1.00000e+01, 1.860e+02 ],
            [ 1.50000e+01, 6.347e+01 ],
            [ 2.00000e+01, 2.938e+01 ],
            [ 3.00000e+01, 9.904e+00 ],
            [ 3.74405e+01, 5.498e+00 ],
            [ 3.74406e+01, 2.919e+01 ],
            [ 4.00000e+01, 2.457e+01 ],
            [ 5.00000e+01, 1.379e+01 ],
            [ 6.00000e+01, 8.511e+00 ],
            [ 8.00000e+01, 3.963e+00 ],
            [ 1.00000e+02, 2.196e+00 ],
            [ 1.50000e+02, 7.828e-01 ],
            [ 2.00000e+02, 4.046e-01 ],
            [ 3.00000e+02, 1.891e-01 ],
            [ 4.00000e+02, 1.265e-01 ],
            [ 5.00000e+02, 9.923e-02 ],
            [ 6.00000e+02, 8.410e-02 ],
            [ 8.00000e+02, 6.744e-02 ],
            [ 1.00000e+03, 5.803e-02 ],
            [ 1.25000e+03, 5.058e-02 ],
            [ 1.50000e+03, 4.592e-02 ],
            [ 2.00000e+03, 4.078e-02 ],
            [ 3.00000e+03, 3.692e-02 ],
            [ 4.00000e+03, 3.598e-02 ],
            [ 5.00000e+03, 3.612e-02 ],
            [ 6.00000e+03, 3.669e-02 ],
            [ 8.00000e+03, 3.844e-02 ],
            [ 1.00000e+04, 4.042e-02 ],
            [ 1.50000e+04, 4.518e-02 ],
            [ 2.00000e+04, 4.902e-02 ]
        ]
    }
}
