{
    "density": 6.154e+00,
    "name": "Lanthanum",
    "type-id": 30,
    "parameters": {
        "data": [
            [ 1.00000e+00, 9.087e+03 ],
            [ 1.05991e+00, 7.988e+03 ],
            [ 1.12339e+00, 7.000e+03 ],
            [ 1.12340e+00, 8.025e+03 ],
            [ 1.16320e+00, 7.447e+03 ],
            [ 1.20439e+00, 6.911e+03 ],
            [ 1.20440e+00, 7.321e+03 ],
            [ 1.28045e+00, 6.440e+03 ],
            [ 1.36129e+00, 5.652e+03 ],
            [ 1.36130e+00, 5.905e+03 ],
            [ 1.50000e+00, 4.772e+03 ],
            [ 2.00000e+00, 2.464e+03 ],
            [ 3.00000e+00, 9.267e+02 ],
            [ 4.00000e+00, 4.531e+02 ],
            [ 5.00000e+00, 2.578e+02 ],
            [ 5.48269e+00, 2.039e+02 ],
            [ 5.48270e+00, 5.764e+02 ],
            [ 5.68299e+00, 5.302e+02 ],
            [ 5.89059e+00, 4.846e+02 ],
            [ 5.89060e+00, 6.545e+02 ],
            [ 6.00000e+00, 6.319e+02 ],
            [ 6.26629e+00, 5.654e+02 ],
            [ 6.26630e+00, 6.518e+02 ],
            [ 8.00000e+00, 3.529e+02 ],
            [ 1.00000e+01, 1.967e+02 ],
            [ 1.50000e+01, 6.731e+01 ],
            [ 2.00000e+01, 3.119e+01 ],
            [ 3.00000e+01, 1.052e+01 ],
            [ 3.89245e+01, 5.271e+00 ],
            [ 3.89246e+01, 2.772e+01 ],
            [ 4.00000e+01, 2.579e+01 ],
            [ 5.00000e+01, 1.447e+01 ],
            [ 6.00000e+01, 8.962e+00 ],
            [ 8.00000e+01, 4.177e+00 ],
            [ 1.00000e+02, 2.315e+00 ],
            [ 1.50000e+02, 8.239e-01 ],
            [ 2.00000e+02, 4.239e-01 ],
            [ 3.00000e+02, 1.961e-01 ],
            [ 4.00000e+02, 1.301e-01 ],
            [ 5.00000e+02, 1.015e-01 ],
            [ 6.00000e+02, 8.570e-02 ],
            [ 8.00000e+02, 6.843e-02 ],
            [ 1.00000e+03, 5.876e-02 ],
            [ 1.25000e+03, 5.110e-02 ],
            [ 1.50000e+03, 4.640e-02 ],
            [ 2.00000e+03, 4.122e-02 ],
            [ 3.00000e+03, 3.737e-02 ],
            [ 4.00000e+03, 3.646e-02 ],
            [ 5.00000e+03, 3.664e-02 ],
            [ 6.00000e+03, 3.726e-02 ],
            [ 8.00000e+03, 3.907e-02 ],
            [ 1.00000e+04, 4.113e-02 ],
            [ 1.50000e+04, 4.603e-02 ],
            [ 2.00000e+04, 4.996e-02 ]
        ]
    }
}
