{
    "density": 6.657e+00,
    "name": "Cerium",
    "type-id": 30,
    "parameters": {
        "data": [
            [ 1.00000e+00, 9.711e+03 ],
            [ 1.08876e+00, 7.991e+03 ],
            [ 1.18539e+00, 6.563e+03 ],
            [ 1.18540e+00, 7.545e+03 ],
            [ 1.22832e+00, 6.984e+03 ],
            [ 1.27279e+00, 6.465e+03 ],
            [ 1.27280e+00, 6.853e+03 ],
            [ 1.35222e+00, 6.031e+03 ],
            [ 1.43659e+00, 5.293e+03 ],
            [ 1.43660e+00, 5.532e+03 ],
            [ 1.50000e+00, 5.033e+03 ],
            [ 2.00000e+00, 2.607e+03 ],
            [ 3.00000e+00, 9.857e+02 ],
            [ 4.00000e+00, 4.811e+02 ],
            [ 5.00000e+00, 2.740e+02 ],
            [ 5.72339e+00, 1.943e+02 ],
            [ 5.72340e+00, 5.454e+02 ],
            [ 6.00000e+00, 4.908e+02 ],
            [ 6.16419e+00, 4.554e+02 ],
            [ 6.16420e+00, 6.188e+02 ],
            [ 6.35359e+00, 5.756e+02 ],
            [ 6.54879e+00, 5.332e+02 ],
            [ 6.54880e+00, 6.149e+02 ],
            [ 8.00000e+00, 3.732e+02 ],
            [ 1.00000e+01, 2.082e+02 ],
            [ 1.50000e+01, 7.143e+01 ],
            [ 2.00000e+01, 3.312e+01 ],
            [ 3.00000e+01, 1.119e+01 ],
            [ 4.00000e+01, 5.215e+00 ],
            [ 4.04429e+01, 5.066e+00 ],
            [ 4.04430e+01, 2.635e+01 ],
            [ 5.00000e+01, 1.520e+01 ],
            [ 6.00000e+01, 9.447e+00 ],
            [ 8.00000e+01, 4.409e+00 ],
            [ 1.00000e+02, 2.445e+00 ],
            [ 1.50000e+02, 8.687e-01 ],
            [ 2.00000e+02, 4.452e-01 ],
            [ 3.00000e+02, 2.039e-01 ],
            [ 4.00000e+02, 1.342e-01 ],
            [ 5.00000e+02, 1.041e-01 ],
            [ 6.00000e+02, 8.757e-02 ],
            [ 8.00000e+02, 6.962e-02 ],
            [ 1.00000e+03, 5.961e-02 ],
            [ 1.25000e+03, 5.181e-02 ],
            [ 1.50000e+03, 4.701e-02 ],
            [ 2.00000e+03, 4.177e-02 ],
            [ 3.00000e+03, 3.792e-02 ],
            [ 4.00000e+03, 3.705e-02 ],
            [ 5.00000e+03, 3.727e-02 ],
            [ 6.00000e+03, 3.792e-02 ],
            [ 8.00000e+03, 3.981e-02 ],
            [ 1.00000e+04, 4.194e-02 ],
            [ 1.50000e+04, 4.699e-02 ],
            [ 2.00000e+04, 5.103e-02 ]
        ]
    }
}
