{
    "density": 6.710e+00,
    "name": "Praseodymium",
    "type-id": 30,
    "parameters": {
        "data": [
            [ 1.00000e+00, 1.058e+04 ],
            [ 1.11454e+00, 8.122e+03 ],
            [ 1.24219e+00, 6.278e+03 ],
            [ 1.24220e+00, 7.224e+03 ],
            [ 1.28892e+00, 6.661e+03 ],
            [ 1.33739e+00, 6.142e+03 ],
            [ 1.33740e+00, 6.513e+03 ],
            [ 1.50000e+00, 5.090e+03 ],
            [ 1.51099e+00, 5.006e+03 ],
            [ 1.51100e+00, 5.235e+03 ],
            [ 2.00000e+00, 2.768e+03 ],
            [ 3.00000e+00, 1.047e+03 ],
            [ 4.00000e+00, 5.131e+02 ],
            [ 5.00000e+00, 2.924e+02 ],
            [ 5.96429e+00, 1.868e+02 ],
            [ 5.96430e+00, 5.214e+02 ],
            [ 6.00000e+00, 5.145e+02 ],
            [ 6.44039e+00, 4.310e+02 ],
            [ 6.44040e+00, 5.857e+02 ],
            [ 6.63467e+00, 5.455e+02 ],
            [ 6.83479e+00, 5.060e+02 ],
            [ 6.83480e+00, 5.836e+02 ],
            [ 8.00000e+00, 3.950e+02 ],
            [ 1.00000e+01, 2.209e+02 ],
            [ 1.50000e+01, 7.597e+01 ],
            [ 2.00000e+01, 3.526e+01 ],
            [ 3.00000e+01, 1.192e+01 ],
            [ 4.00000e+01, 5.557e+00 ],
            [ 4.19905e+01, 4.892e+00 ],
            [ 4.19906e+01, 2.518e+01 ],
            [ 5.00000e+01, 1.599e+01 ],
            [ 6.00000e+01, 9.977e+00 ],
            [ 8.00000e+01, 4.664e+00 ],
            [ 1.00000e+02, 2.588e+00 ],
            [ 1.50000e+02, 9.180e-01 ],
            [ 2.00000e+02, 4.687e-01 ],
            [ 3.00000e+02, 2.126e-01 ],
            [ 4.00000e+02, 1.389e-01 ],
            [ 5.00000e+02, 1.071e-01 ],
            [ 6.00000e+02, 8.976e-02 ],
            [ 8.00000e+02, 7.105e-02 ],
            [ 1.00000e+03, 6.070e-02 ],
            [ 1.25000e+03, 5.268e-02 ],
            [ 1.50000e+03, 4.779e-02 ],
            [ 2.00000e+03, 4.244e-02 ],
            [ 3.00000e+03, 3.858e-02 ],
            [ 4.00000e+03, 3.774e-02 ],
            [ 5.00000e+03, 3.800e-02 ],
            [ 6.00000e+03, 3.870e-02 ],
            [ 8.00000e+03, 4.067e-02 ],
            [ 1.00000e+04, 4.288e-02 ],
            [ 1.50000e+04, 4.809e-02 ],
            [ 2.00000e+04, 5.226e-02 ]
        ]
    }
}
