{
    "density": 6.900e+00,
    "name": "Neodymium",
    "type-id": 30,
    "parameters": {
        "data": [
            [ 1.00000e+00, 6.627e+03 ],
            [ 1.00250e+00, 6.806e+03 ],
            [ 1.00499e+00, 6.949e+03 ],
            [ 1.00500e+00, 8.554e+03 ],
            [ 1.14188e+00, 7.579e+03 ],
            [ 1.29739e+00, 5.933e+03 ],
            [ 1.29740e+00, 6.833e+03 ],
            [ 1.34907e+00, 6.264e+03 ],
            [ 1.40279e+00, 5.744e+03 ],
            [ 1.40280e+00, 6.093e+03 ],
            [ 1.50000e+00, 5.273e+03 ],
            [ 1.57529e+00, 4.738e+03 ],
            [ 1.57530e+00, 4.951e+03 ],
            [ 2.00000e+00, 2.878e+03 ],
            [ 3.00000e+00, 1.093e+03 ],
            [ 4.00000e+00, 5.366e+02 ],
            [ 5.00000e+00, 3.061e+02 ],
            [ 6.00000e+00, 1.927e+02 ],
            [ 6.20789e+00, 1.767e+02 ],
            [ 6.20790e+00, 4.892e+02 ],
            [ 6.45960e+00, 4.487e+02 ],
            [ 6.72149e+00, 4.013e+02 ],
            [ 6.72150e+00, 5.456e+02 ],
            [ 6.92080e+00, 5.135e+02 ],
            [ 7.12599e+00, 4.723e+02 ],
            [ 7.12600e+00, 5.448e+02 ],
            [ 8.00000e+00, 4.094e+02 ],
            [ 1.00000e+01, 2.300e+02 ],
            [ 1.50000e+01, 7.925e+01 ],
            [ 2.00000e+01, 3.684e+01 ],
            [ 3.00000e+01, 1.247e+01 ],
            [ 4.00000e+01, 5.809e+00 ],
            [ 4.35688e+01, 4.642e+00 ],
            [ 4.35689e+01, 2.366e+01 ],
            [ 5.00000e+01, 1.650e+01 ],
            [ 6.00000e+01, 1.033e+01 ],
            [ 8.00000e+01, 4.839e+00 ],
            [ 1.00000e+02, 2.687e+00 ],
            [ 1.50000e+02, 9.522e-01 ],
            [ 2.00000e+02, 4.844e-01 ],
            [ 3.00000e+02, 2.178e-01 ],
            [ 4.00000e+02, 1.412e-01 ],
            [ 5.00000e+02, 1.083e-01 ],
            [ 6.00000e+02, 9.040e-02 ],
            [ 8.00000e+02, 7.127e-02 ],
            [ 1.00000e+03, 6.072e-02 ],
            [ 1.25000e+03, 5.262e-02 ],
            [ 1.50000e+03, 4.769e-02 ],
            [ 2.00000e+03, 4.236e-02 ],
            [ 3.00000e+03, 3.856e-02 ],
            [ 4.00000e+03, 3.776e-02 ],
            [ 5.00000e+03, 3.806e-02 ],
            [ 6.00000e+03, 3.879e-02 ],
            [ 8.00000e+03, 4.081e-02 ],
            [ 1.00000e+04, 4.304e-02 ],
            [ 1.50000e+04, 4.832e-02 ],
            [ 2.00000e+04, 5.257e-02 ]
        ]
    }
}
