{
    "density": 7.220e+00,
    "name": "Promethium",
    "type-id": 30,
    "parameters": {
        "data": [
            [ 1.00000e+00, 2.056e+03 ],
            [ 1.01336e+00, 2.007e+03 ],
            [ 1.02689e+00, 1.959e+03 ],
            [ 1.02690e+00, 2.729e+03 ],
            [ 1.03913e+00, 3.894e+03 ],
            [ 1.05149e+00, 5.830e+03 ],
            [ 1.05150e+00, 7.242e+03 ],
            [ 1.19448e+00, 7.232e+03 ],
            [ 1.35689e+00, 5.687e+03 ],
            [ 1.35690e+00, 6.555e+03 ],
            [ 1.41299e+00, 5.985e+03 ],
            [ 1.47139e+00, 5.466e+03 ],
            [ 1.47140e+00, 5.799e+03 ],
            [ 1.50000e+00, 5.553e+03 ],
            [ 1.65299e+00, 4.497e+03 ],
            [ 1.65300e+00, 4.699e+03 ],
            [ 2.00000e+00, 3.048e+03 ],
            [ 3.00000e+00, 1.162e+03 ],
            [ 4.00000e+00, 5.709e+02 ],
            [ 5.00000e+00, 3.260e+02 ],
            [ 6.00000e+00, 2.053e+02 ],
            [ 6.45929e+00, 1.702e+02 ],
            [ 6.45930e+00, 4.678e+02 ],
            [ 6.73036e+00, 4.226e+02 ],
            [ 7.01279e+00, 3.805e+02 ],
            [ 7.01280e+00, 5.174e+02 ],
            [ 7.21737e+00, 4.884e+02 ],
            [ 7.42789e+00, 4.494e+02 ],
            [ 7.42790e+00, 5.184e+02 ],
            [ 8.00000e+00, 4.314e+02 ],
            [ 1.00000e+01, 2.440e+02 ],
            [ 1.50000e+01, 8.411e+01 ],
            [ 2.00000e+01, 3.916e+01 ],
            [ 3.00000e+01, 1.327e+01 ],
            [ 4.00000e+01, 6.181e+00 ],
            [ 4.51839e+01, 4.491e+00 ],
            [ 4.51840e+01, 2.265e+01 ],
            [ 5.00000e+01, 1.735e+01 ],
            [ 6.00000e+01, 1.087e+01 ],
            [ 8.00000e+01, 5.107e+00 ],
            [ 1.00000e+02, 2.840e+00 ],
            [ 1.50000e+02, 1.005e+00 ],
            [ 2.00000e+02, 5.098e-01 ],
            [ 3.00000e+02, 2.273e-01 ],
            [ 4.00000e+02, 1.462e-01 ],
            [ 5.00000e+02, 1.115e-01 ],
            [ 6.00000e+02, 9.276e-02 ],
            [ 8.00000e+02, 7.280e-02 ],
            [ 1.00000e+03, 6.188e-02 ],
            [ 1.25000e+03, 5.350e-02 ],
            [ 1.50000e+03, 4.849e-02 ],
            [ 2.00000e+03, 4.308e-02 ],
            [ 3.00000e+03, 3.925e-02 ],
            [ 4.00000e+03, 3.849e-02 ],
            [ 5.00000e+03, 3.882e-02 ],
            [ 6.00000e+03, 3.959e-02 ],
            [ 8.00000e+03, 4.169e-02 ],
            [ 1.00000e+04, 4.401e-02 ],
            [ 1.50000e+04, 4.946e-02 ],
            [ 2.00000e+04, 5.380e-02 ]
        ]
    }
}
