{
    "density": 7.460e+00,
    "name": "Samarium",
    "type-id": 30,
    "parameters": {
        "data": [
            [ 1.00000e+00, 2.107e+03 ],
            [ 1.03933e+00, 1.963e+03 ],
            [ 1.08019e+00, 1.827e+03 ],
            [ 1.08020e+00, 2.635e+03 ],
            [ 1.09302e+00, 3.837e+03 ],
            [ 1.10599e+00, 5.613e+03 ],
            [ 1.10600e+00, 6.852e+03 ],
            [ 1.25312e+00, 6.641e+03 ],
            [ 1.41979e+00, 5.262e+03 ],
            [ 1.41980e+00, 6.072e+03 ],
            [ 1.50000e+00, 5.358e+03 ],
            [ 1.54069e+00, 5.046e+03 ],
            [ 1.54070e+00, 5.355e+03 ],
            [ 1.62921e+00, 4.740e+03 ],
            [ 1.72279e+00, 4.189e+03 ],
            [ 1.72280e+00, 4.376e+03 ],
            [ 2.00000e+00, 3.120e+03 ],
            [ 3.00000e+00, 1.193e+03 ],
            [ 4.00000e+00, 5.873e+02 ],
            [ 5.00000e+00, 3.356e+02 ],
            [ 6.00000e+00, 2.115e+02 ],
            [ 6.71619e+00, 1.587e+02 ],
            [ 6.71620e+00, 4.334e+02 ],
            [ 7.00767e+00, 3.898e+02 ],
            [ 7.31179e+00, 3.496e+02 ],
            [ 7.31180e+00, 4.756e+02 ],
            [ 7.52130e+00, 4.501e+02 ],
            [ 7.73679e+00, 4.141e+02 ],
            [ 7.73680e+00, 4.777e+02 ],
            [ 8.00000e+00, 4.401e+02 ],
            [ 1.00000e+01, 2.499e+02 ],
            [ 1.50000e+01, 8.633e+01 ],
            [ 2.00000e+01, 4.025e+01 ],
            [ 3.00000e+01, 1.365e+01 ],
            [ 4.00000e+01, 6.362e+00 ],
            [ 4.68341e+01, 4.208e+00 ],
            [ 4.68342e+01, 2.100e+01 ],
            [ 5.00000e+01, 1.774e+01 ],
            [ 6.00000e+01, 1.107e+01 ],
            [ 8.00000e+01, 5.212e+00 ],
            [ 1.00000e+02, 2.901e+00 ],
            [ 1.50000e+02, 1.027e+00 ],
            [ 2.00000e+02, 5.192e-01 ],
            [ 3.00000e+02, 2.296e-01 ],
            [ 4.00000e+02, 1.466e-01 ],
            [ 5.00000e+02, 1.112e-01 ],
            [ 6.00000e+02, 9.218e-02 ],
            [ 8.00000e+02, 7.201e-02 ],
            [ 1.00000e+03, 6.106e-02 ],
            [ 1.25000e+03, 5.271e-02 ],
            [ 1.50000e+03, 4.773e-02 ],
            [ 2.00000e+03, 4.240e-02 ],
            [ 3.00000e+03, 3.868e-02 ],
            [ 4.00000e+03, 3.797e-02 ],
            [ 5.00000e+03, 3.833e-02 ],
            [ 6.00000e+03, 3.912e-02 ],
            [ 8.00000e+03, 4.124e-02 ],
            [ 1.00000e+04, 4.355e-02 ],
            [ 1.50000e+04, 4.899e-02 ],
            [ 2.00000e+04, 5.335e-02 ]
        ]
    }
}
