{
    "density": 5.243e+00,
    "name": "Europium",
    "type-id": 30,
    "parameters": {
        "data": [
            [ 1.00000e+00, 2.216e+03 ],
            [ 1.06344e+00, 1.978e+03 ],
            [ 1.13089e+00, 1.763e+03 ],
            [ 1.13090e+00, 2.443e+03 ],
            [ 1.14565e+00, 3.617e+03 ],
            [ 1.16059e+00, 5.416e+03 ],
            [ 1.16060e+00, 6.540e+03 ],
            [ 1.31087e+00, 6.291e+03 ],
            [ 1.48059e+00, 5.031e+03 ],
            [ 1.48060e+00, 5.810e+03 ],
            [ 1.50000e+00, 5.624e+03 ],
            [ 1.61389e+00, 4.771e+03 ],
            [ 1.61390e+00, 5.064e+03 ],
            [ 1.70441e+00, 4.492e+03 ],
            [ 1.79999e+00, 3.980e+03 ],
            [ 1.80000e+00, 4.158e+03 ],
            [ 2.00000e+00, 3.278e+03 ],
            [ 3.00000e+00, 1.256e+03 ],
            [ 4.00000e+00, 6.193e+02 ],
            [ 5.00000e+00, 3.542e+02 ],
            [ 6.00000e+00, 2.234e+02 ],
            [ 6.97689e+00, 1.522e+02 ],
            [ 6.97690e+00, 4.127e+02 ],
            [ 7.28997e+00, 3.696e+02 ],
            [ 7.61709e+00, 3.302e+02 ],
            [ 7.61710e+00, 4.492e+02 ],
            [ 8.00000e+00, 3.989e+02 ],
            [ 8.05199e+00, 3.921e+02 ],
            [ 8.05200e+00, 4.524e+02 ],
            [ 1.00000e+01, 2.629e+02 ],
            [ 1.50000e+01, 9.087e+01 ],
            [ 2.00000e+01, 4.242e+01 ],
            [ 3.00000e+01, 1.441e+01 ],
            [ 4.00000e+01, 6.716e+00 ],
            [ 4.85189e+01, 4.051e+00 ],
            [ 4.85190e+01, 2.001e+01 ],
            [ 5.00000e+01, 1.850e+01 ],
            [ 6.00000e+01, 1.155e+01 ],
            [ 8.00000e+01, 5.455e+00 ],
            [ 1.00000e+02, 3.040e+00 ],
            [ 1.50000e+02, 1.076e+00 ],
            [ 2.00000e+02, 5.425e-01 ],
            [ 3.00000e+02, 2.380e-01 ],
            [ 4.00000e+02, 1.509e-01 ],
            [ 5.00000e+02, 1.139e-01 ],
            [ 6.00000e+02, 9.404e-02 ],
            [ 8.00000e+02, 7.312e-02 ],
            [ 1.00000e+03, 6.186e-02 ],
            [ 1.25000e+03, 5.331e-02 ],
            [ 1.50000e+03, 4.822e-02 ],
            [ 2.00000e+03, 4.285e-02 ],
            [ 3.00000e+03, 3.913e-02 ],
            [ 4.00000e+03, 3.845e-02 ],
            [ 5.00000e+03, 3.885e-02 ],
            [ 6.00000e+03, 3.967e-02 ],
            [ 8.00000e+03, 4.185e-02 ],
            [ 1.00000e+04, 4.422e-02 ],
            [ 1.50000e+04, 4.980e-02 ],
            [ 2.00000e+04, 5.423e-02 ]
        ]
    }
}
