{
    "density": 7.900e+00,
    "name": "Gadolinium",
    "type-id": 30,
    "parameters": {
        "data": [
            [ 1.00000e+00, 2.291e+03 ],
            [ 1.08867e+00, 1.960e+03 ],
            [ 1.18519e+00, 1.668e+03 ],
            [ 1.18520e+00, 1.931e+03 ],
            [ 1.20109e+00, 2.527e+03 ],
            [ 1.21719e+00, 3.961e+03 ],
            [ 1.21720e+00, 4.764e+03 ],
            [ 1.50000e+00, 5.041e+03 ],
            [ 1.54399e+00, 4.701e+03 ],
            [ 1.54400e+00, 5.432e+03 ],
            [ 1.61454e+00, 4.900e+03 ],
            [ 1.68829e+00, 4.421e+03 ],
            [ 1.68830e+00, 4.694e+03 ],
            [ 1.78195e+00, 4.164e+03 ],
            [ 1.88079e+00, 3.691e+03 ],
            [ 1.88080e+00, 3.854e+03 ],
            [ 2.00000e+00, 3.360e+03 ],
            [ 3.00000e+00, 1.292e+03 ],
            [ 4.00000e+00, 6.380e+02 ],
            [ 5.00000e+00, 3.653e+02 ],
            [ 6.00000e+00, 2.305e+02 ],
            [ 7.24279e+00, 1.429e+02 ],
            [ 7.24280e+00, 3.844e+02 ],
            [ 7.57876e+00, 3.427e+02 ],
            [ 7.93029e+00, 3.049e+02 ],
            [ 7.93030e+00, 4.149e+02 ],
            [ 8.00000e+00, 4.068e+02 ],
            [ 8.37559e+00, 3.631e+02 ],
            [ 8.37560e+00, 4.190e+02 ],
            [ 1.00000e+01, 2.693e+02 ],
            [ 1.50000e+01, 9.335e+01 ],
            [ 2.00000e+01, 4.363e+01 ],
            [ 3.00000e+01, 1.484e+01 ],
            [ 4.00000e+01, 6.920e+00 ],
            [ 5.00000e+01, 3.859e+00 ],
            [ 5.02390e+01, 3.812e+00 ],
            [ 5.02391e+01, 1.864e+01 ],
            [ 6.00000e+01, 1.175e+01 ],
            [ 8.00000e+01, 5.573e+00 ],
            [ 1.00000e+02, 3.109e+00 ],
            [ 1.50000e+02, 1.100e+00 ],
            [ 2.00000e+02, 5.534e-01 ],
            [ 3.00000e+02, 2.410e-01 ],
            [ 4.00000e+02, 1.517e-01 ],
            [ 5.00000e+02, 1.139e-01 ],
            [ 6.00000e+02, 9.371e-02 ],
            [ 8.00000e+02, 7.252e-02 ],
            [ 1.00000e+03, 6.120e-02 ],
            [ 1.25000e+03, 5.262e-02 ],
            [ 1.50000e+03, 4.759e-02 ],
            [ 2.00000e+03, 4.228e-02 ],
            [ 3.00000e+03, 3.865e-02 ],
            [ 4.00000e+03, 3.802e-02 ],
            [ 5.00000e+03, 3.844e-02 ],
            [ 6.00000e+03, 3.928e-02 ],
            [ 8.00000e+03, 4.147e-02 ],
            [ 1.00000e+04, 4.384e-02 ],
            [ 1.50000e+04, 4.943e-02 ],
            [ 2.00000e+04, 5.385e-02 ]
        ]
    }
}
