{
    "density": 8.229e+00,
    "name": "Terbium",
    "type-id": 30,
    "parameters": {
        "data": [
            [ 1.00000e+00, 2.396e+03 ],
            [ 1.11409e+00, 1.956e+03 ],
            [ 1.24119e+00, 1.591e+03 ],
            [ 1.24120e+00, 2.337e+03 ],
            [ 1.25799e+00, 3.515e+03 ],
            [ 1.27499e+00, 5.023e+03 ],
            [ 1.27500e+00, 5.928e+03 ],
            [ 1.50000e+00, 5.314e+03 ],
            [ 1.61129e+00, 4.464e+03 ],
            [ 1.61130e+00, 5.164e+03 ],
            [ 1.68769e+00, 4.635e+03 ],
            [ 1.76769e+00, 4.166e+03 ],
            [ 1.76770e+00, 4.424e+03 ],
            [ 1.86493e+00, 3.929e+03 ],
            [ 1.96749e+00, 3.482e+03 ],
            [ 1.96750e+00, 3.638e+03 ],
            [ 2.00000e+00, 3.507e+03 ],
            [ 3.00000e+00, 1.354e+03 ],
            [ 4.00000e+00, 6.697e+02 ],
            [ 5.00000e+00, 3.838e+02 ],
            [ 6.00000e+00, 2.423e+02 ],
            [ 7.51399e+00, 1.368e+02 ],
            [ 7.51400e+00, 3.658e+02 ],
            [ 8.00000e+00, 3.133e+02 ],
            [ 8.25159e+00, 2.881e+02 ],
            [ 8.25160e+00, 3.925e+02 ],
            [ 8.47673e+00, 3.684e+02 ],
            [ 8.70799e+00, 3.441e+02 ],
            [ 8.70800e+00, 3.970e+02 ],
            [ 1.00000e+01, 2.815e+02 ],
            [ 1.50000e+01, 9.802e+01 ],
            [ 2.00000e+01, 4.588e+01 ],
            [ 3.00000e+01, 1.563e+01 ],
            [ 4.00000e+01, 7.288e+00 ],
            [ 5.00000e+01, 4.064e+00 ],
            [ 5.19956e+01, 3.672e+00 ],
            [ 5.19957e+01, 1.777e+01 ],
            [ 6.00000e+01, 1.223e+01 ],
            [ 8.00000e+01, 5.826e+00 ],
            [ 1.00000e+02, 3.253e+00 ],
            [ 1.50000e+02, 1.151e+00 ],
            [ 2.00000e+02, 5.775e-01 ],
            [ 3.00000e+02, 2.498e-01 ],
            [ 4.00000e+02, 1.562e-01 ],
            [ 5.00000e+02, 1.167e-01 ],
            [ 6.00000e+02, 9.562e-02 ],
            [ 8.00000e+02, 7.365e-02 ],
            [ 1.00000e+03, 6.196e-02 ],
            [ 1.25000e+03, 5.321e-02 ],
            [ 1.50000e+03, 4.808e-02 ],
            [ 2.00000e+03, 4.272e-02 ],
            [ 3.00000e+03, 3.908e-02 ],
            [ 4.00000e+03, 3.848e-02 ],
            [ 5.00000e+03, 3.894e-02 ],
            [ 6.00000e+03, 3.981e-02 ],
            [ 8.00000e+03, 4.206e-02 ],
            [ 1.00000e+04, 4.449e-02 ],
            [ 1.50000e+04, 5.017e-02 ],
            [ 2.00000e+04, 5.470e-02 ]
        ]
    }
}
