{
    "density": 8.550e+00,
    "name": "Dysprosium",
    "type-id": 30,
    "parameters": {
        "data": [
            [ 1.00000e+00, 2.494e+03 ],
            [ 1.13794e+00, 1.953e+03 ],
            [ 1.29489e+00, 1.521e+03 ],
            [ 1.29490e+00, 2.173e+03 ],
            [ 1.31356e+00, 3.293e+03 ],
            [ 1.33249e+00, 4.745e+03 ],
            [ 1.33250e+00, 5.551e+03 ],
            [ 1.50000e+00, 5.550e+03 ],
            [ 1.67559e+00, 4.229e+03 ],
            [ 1.67560e+00, 4.896e+03 ],
            [ 1.75674e+00, 4.382e+03 ],
            [ 1.84179e+00, 3.924e+03 ],
            [ 1.84180e+00, 4.168e+03 ],
            [ 2.00000e+00, 3.467e+03 ],
            [ 2.04679e+00, 3.286e+03 ],
            [ 2.04680e+00, 3.433e+03 ],
            [ 3.00000e+00, 1.405e+03 ],
            [ 4.00000e+00, 6.953e+02 ],
            [ 5.00000e+00, 3.988e+02 ],
            [ 6.00000e+00, 2.520e+02 ],
            [ 7.79009e+00, 1.299e+02 ],
            [ 7.79010e+00, 3.437e+02 ],
            [ 8.00000e+00, 3.269e+02 ],
            [ 8.58059e+00, 2.695e+02 ],
            [ 8.58060e+00, 3.672e+02 ],
            [ 8.81013e+00, 3.452e+02 ],
            [ 9.04579e+00, 3.228e+02 ],
            [ 9.04580e+00, 3.725e+02 ],
            [ 1.00000e+01, 2.902e+02 ],
            [ 1.50000e+01, 1.016e+02 ],
            [ 2.00000e+01, 4.765e+01 ],
            [ 3.00000e+01, 1.625e+01 ],
            [ 4.00000e+01, 7.582e+00 ],
            [ 5.00000e+01, 4.227e+00 ],
            [ 5.37884e+01, 3.500e+00 ],
            [ 5.37885e+01, 1.676e+01 ],
            [ 6.00000e+01, 1.259e+01 ],
            [ 8.00000e+01, 6.012e+00 ],
            [ 1.00000e+02, 3.360e+00 ],
            [ 1.50000e+02, 1.189e+00 ],
            [ 2.00000e+02, 5.953e-01 ],
            [ 3.00000e+02, 2.558e-01 ],
            [ 4.00000e+02, 1.590e-01 ],
            [ 5.00000e+02, 1.181e-01 ],
            [ 6.00000e+02, 9.644e-02 ],
            [ 8.00000e+02, 7.393e-02 ],
            [ 1.00000e+03, 6.204e-02 ],
            [ 1.25000e+03, 5.318e-02 ],
            [ 1.50000e+03, 4.801e-02 ],
            [ 2.00000e+03, 4.265e-02 ],
            [ 3.00000e+03, 3.905e-02 ],
            [ 4.00000e+03, 3.848e-02 ],
            [ 5.00000e+03, 3.896e-02 ],
            [ 6.00000e+03, 3.986e-02 ],
            [ 8.00000e+03, 4.214e-02 ],
            [ 1.00000e+04, 4.460e-02 ],
            [ 1.50000e+04, 5.033e-02 ],
            [ 2.00000e+04, 5.492e-02 ]
        ]
    }
}
