{
    "density": 8.795e+00,
    "name": "Holmium",
    "type-id": 30,
    "parameters": {
        "data": [
            [ 1.00000e+00, 2.616e+03 ],
            [ 1.16250e+00, 1.961e+03 ],
            [ 1.35139e+00, 1.462e+03 ],
            [ 1.35140e+00, 2.108e+03 ],
            [ 1.37130e+00, 3.193e+03 ],
            [ 1.39149e+00, 4.528e+03 ],
            [ 1.39150e+00, 5.239e+03 ],
            [ 1.50000e+00, 5.847e+03 ],
            [ 1.74119e+00, 4.038e+03 ],
            [ 1.74120e+00, 4.677e+03 ],
            [ 1.82975e+00, 4.161e+03 ],
            [ 1.92279e+00, 3.703e+03 ],
            [ 1.92280e+00, 3.934e+03 ],
            [ 2.00000e+00, 3.590e+03 ],
            [ 2.12829e+00, 3.127e+03 ],
            [ 2.12830e+00, 3.266e+03 ],
            [ 3.00000e+00, 1.465e+03 ],
            [ 4.00000e+00, 7.264e+02 ],
            [ 5.00000e+00, 4.170e+02 ],
            [ 6.00000e+00, 2.636e+02 ],
            [ 8.00000e+00, 1.271e+02 ],
            [ 8.07109e+00, 1.242e+02 ],
            [ 8.07110e+00, 3.283e+02 ],
            [ 8.48389e+00, 2.889e+02 ],
            [ 8.91779e+00, 2.540e+02 ],
            [ 8.91780e+00, 3.463e+02 ],
            [ 9.15290e+00, 3.259e+02 ],
            [ 9.39419e+00, 3.051e+02 ],
            [ 9.39420e+00, 3.520e+02 ],
            [ 1.00000e+01, 3.012e+02 ],
            [ 1.50000e+01, 1.060e+02 ],
            [ 2.00000e+01, 4.980e+01 ],
            [ 3.00000e+01, 1.701e+01 ],
            [ 4.00000e+01, 7.940e+00 ],
            [ 5.00000e+01, 4.425e+00 ],
            [ 5.56176e+01, 3.361e+00 ],
            [ 5.56177e+01, 1.592e+01 ],
            [ 6.00000e+01, 1.309e+01 ],
            [ 8.00000e+01, 6.244e+00 ],
            [ 1.00000e+02, 3.492e+00 ],
            [ 1.50000e+02, 1.236e+00 ],
            [ 2.00000e+02, 6.178e-01 ],
            [ 3.00000e+02, 2.639e-01 ],
            [ 4.00000e+02, 1.629e-01 ],
            [ 5.00000e+02, 1.205e-01 ],
            [ 6.00000e+02, 9.800e-02 ],
            [ 8.00000e+02, 7.477e-02 ],
            [ 1.00000e+03, 6.257e-02 ],
            [ 1.25000e+03, 5.351e-02 ],
            [ 1.50000e+03, 4.828e-02 ],
            [ 2.00000e+03, 4.289e-02 ],
            [ 3.00000e+03, 3.930e-02 ],
            [ 4.00000e+03, 3.877e-02 ],
            [ 5.00000e+03, 3.927e-02 ],
            [ 6.00000e+03, 4.020e-02 ],
            [ 8.00000e+03, 4.253e-02 ],
            [ 1.00000e+04, 4.504e-02 ],
            [ 1.50000e+04, 5.088e-02 ],
            [ 2.00000e+04, 5.551e-02 ]
        ]
    }
}
