{
    "density": 9.066e+00,
    "name": "Erbium",
    "type-id": 30,
    "parameters": {
        "data": [
            [ 1.00000e+00, 2.748e+03 ],
            [ 1.18714e+00, 1.978e+03 ],
            [ 1.40929e+00, 1.408e+03 ],
            [ 1.40930e+00, 2.069e+03 ],
            [ 1.43113e+00, 3.170e+03 ],
            [ 1.45329e+00, 4.339e+03 ],
            [ 1.45330e+00, 4.952e+03 ],
            [ 1.50000e+00, 6.069e+03 ],
            [ 1.81179e+00, 3.841e+03 ],
            [ 1.81180e+00, 4.452e+03 ],
            [ 2.00000e+00, 3.523e+03 ],
            [ 2.00579e+00, 3.499e+03 ],
            [ 2.00580e+00, 3.717e+03 ],
            [ 2.10376e+00, 3.337e+03 ],
            [ 2.20649e+00, 2.995e+03 ],
            [ 2.20650e+00, 3.127e+03 ],
            [ 3.00000e+00, 1.526e+03 ],
            [ 4.00000e+00, 7.587e+02 ],
            [ 5.00000e+00, 4.359e+02 ],
            [ 6.00000e+00, 2.757e+02 ],
            [ 8.00000e+00, 1.330e+02 ],
            [ 8.35789e+00, 1.190e+02 ],
            [ 8.35790e+00, 3.126e+02 ],
            [ 8.79944e+00, 2.799e+02 ],
            [ 9.26429e+00, 2.397e+02 ],
            [ 9.26430e+00, 3.271e+02 ],
            [ 9.50468e+00, 3.080e+02 ],
            [ 9.75129e+00, 2.886e+02 ],
            [ 9.75130e+00, 3.330e+02 ],
            [ 1.00000e+01, 3.129e+02 ],
            [ 1.50000e+01, 1.106e+02 ],
            [ 2.00000e+01, 5.204e+01 ],
            [ 3.00000e+01, 1.780e+01 ],
            [ 4.00000e+01, 8.315e+00 ],
            [ 5.00000e+01, 4.634e+00 ],
            [ 5.74854e+01, 3.232e+00 ],
            [ 5.74855e+01, 1.514e+01 ],
            [ 6.00000e+01, 1.362e+01 ],
            [ 8.00000e+01, 6.478e+00 ],
            [ 1.00000e+02, 3.628e+00 ],
            [ 1.50000e+02, 1.285e+00 ],
            [ 2.00000e+02, 6.415e-01 ],
            [ 3.00000e+02, 2.724e-01 ],
            [ 4.00000e+02, 1.672e-01 ],
            [ 5.00000e+02, 1.230e-01 ],
            [ 6.00000e+02, 9.968e-02 ],
            [ 8.00000e+02, 7.569e-02 ],
            [ 1.00000e+03, 6.317e-02 ],
            [ 1.25000e+03, 5.392e-02 ],
            [ 1.50000e+03, 4.860e-02 ],
            [ 2.00000e+03, 4.317e-02 ],
            [ 3.00000e+03, 3.958e-02 ],
            [ 4.00000e+03, 3.907e-02 ],
            [ 5.00000e+03, 3.961e-02 ],
            [ 6.00000e+03, 4.056e-02 ],
            [ 8.00000e+03, 4.294e-02 ],
            [ 1.00000e+04, 4.549e-02 ],
            [ 1.50000e+04, 5.141e-02 ],
            [ 2.00000e+04, 5.613e-02 ]
        ]
    }
}
