{
    "density": 9.321e+00,
    "name": "Thulium",
    "type-id": 30,
    "parameters": {
        "data": [
            [ 1.00000e+00, 2.899e+03 ],
            [ 1.21149e+00, 1.995e+03 ],
            [ 1.46769e+00, 1.362e+03 ],
            [ 1.46770e+00, 1.919e+03 ],
            [ 1.50000e+00, 3.937e+03 ],
            [ 1.51459e+00, 4.145e+03 ],
            [ 1.51460e+00, 4.830e+03 ],
            [ 1.68946e+00, 4.446e+03 ],
            [ 1.88449e+00, 3.668e+03 ],
            [ 1.88450e+00, 4.254e+03 ],
            [ 2.00000e+00, 3.686e+03 ],
            [ 2.08979e+00, 3.326e+03 ],
            [ 2.08980e+00, 3.534e+03 ],
            [ 2.19562e+00, 3.160e+03 ],
            [ 2.30679e+00, 2.821e+03 ],
            [ 2.30680e+00, 2.945e+03 ],
            [ 3.00000e+00, 1.594e+03 ],
            [ 4.00000e+00, 7.946e+02 ],
            [ 5.00000e+00, 4.569e+02 ],
            [ 6.00000e+00, 2.892e+02 ],
            [ 8.00000e+00, 1.397e+02 ],
            [ 8.64799e+00, 1.146e+02 ],
            [ 8.64800e+00, 2.991e+02 ],
            [ 9.11959e+00, 2.609e+02 ],
            [ 9.61689e+00, 2.274e+02 ],
            [ 9.61690e+00, 3.101e+02 ],
            [ 1.00000e+01, 2.830e+02 ],
            [ 1.01156e+01, 2.745e+02 ],
            [ 1.01157e+01, 3.167e+02 ],
            [ 1.50000e+01, 1.157e+02 ],
            [ 2.00000e+01, 5.453e+01 ],
            [ 3.00000e+01, 1.868e+01 ],
            [ 4.00000e+01, 8.735e+00 ],
            [ 5.00000e+01, 4.867e+00 ],
            [ 5.93895e+01, 3.122e+00 ],
            [ 5.93896e+01, 1.200e+01 ],
            [ 6.00000e+01, 1.409e+01 ],
            [ 8.00000e+01, 6.741e+00 ],
            [ 1.00000e+02, 3.780e+00 ],
            [ 1.50000e+02, 1.340e+00 ],
            [ 2.00000e+02, 6.682e-01 ],
            [ 3.00000e+02, 2.822e-01 ],
            [ 4.00000e+02, 1.722e-01 ],
            [ 5.00000e+02, 1.261e-01 ],
            [ 6.00000e+02, 1.018e-01 ],
            [ 8.00000e+02, 7.693e-02 ],
            [ 1.00000e+03, 6.404e-02 ],
            [ 1.25000e+03, 5.455e-02 ],
            [ 1.50000e+03, 4.912e-02 ],
            [ 2.00000e+03, 4.362e-02 ],
            [ 3.00000e+03, 4.002e-02 ],
            [ 4.00000e+03, 3.954e-02 ],
            [ 5.00000e+03, 4.010e-02 ],
            [ 6.00000e+03, 4.108e-02 ],
            [ 8.00000e+03, 4.352e-02 ],
            [ 1.00000e+04, 4.612e-02 ],
            [ 1.50000e+04, 5.216e-02 ],
            [ 2.00000e+04, 5.698e-02 ]
        ]
    }
}
