{
    "density": 6.730e+00,
    "name": "Ytterbium",
    "type-id": 30,
    "parameters": {
        "data": [
            [ 1.00000e+00, 3.017e+03 ],
            [ 1.50000e+00, 1.350e+03 ],
            [ 1.52779e+00, 1.300e+03 ],
            [ 1.52780e+00, 1.965e+03 ],
            [ 1.55186e+00, 2.949e+03 ],
            [ 1.57629e+00, 3.908e+03 ],
            [ 1.57630e+00, 4.540e+03 ],
            [ 1.75313e+00, 4.200e+03 ],
            [ 1.94979e+00, 3.495e+03 ],
            [ 1.94980e+00, 4.054e+03 ],
            [ 2.00000e+00, 3.797e+03 ],
            [ 2.17299e+00, 3.128e+03 ],
            [ 2.17300e+00, 3.323e+03 ],
            [ 2.28278e+00, 2.970e+03 ],
            [ 2.39809e+00, 2.652e+03 ],
            [ 2.39810e+00, 2.769e+03 ],
            [ 3.00000e+00, 1.640e+03 ],
            [ 4.00000e+00, 8.193e+02 ],
            [ 5.00000e+00, 4.717e+02 ],
            [ 6.00000e+00, 2.988e+02 ],
            [ 8.00000e+00, 1.444e+02 ],
            [ 8.94359e+00, 1.088e+02 ],
            [ 8.94360e+00, 2.824e+02 ],
            [ 9.44675e+00, 2.511e+02 ],
            [ 9.97819e+00, 2.128e+02 ],
            [ 9.97820e+00, 2.906e+02 ],
            [ 1.00000e+01, 2.893e+02 ],
            [ 1.04863e+01, 2.577e+02 ],
            [ 1.04864e+01, 2.973e+02 ],
            [ 1.50000e+01, 1.193e+02 ],
            [ 2.00000e+01, 5.628e+01 ],
            [ 3.00000e+01, 1.932e+01 ],
            [ 4.00000e+01, 9.040e+00 ],
            [ 5.00000e+01, 5.038e+00 ],
            [ 6.00000e+01, 3.147e+00 ],
            [ 6.13322e+01, 2.975e+00 ],
            [ 6.13323e+01, 1.365e+01 ],
            [ 8.00000e+01, 6.909e+00 ],
            [ 1.00000e+02, 3.881e+00 ],
            [ 1.50000e+02, 1.378e+00 ],
            [ 2.00000e+02, 6.860e-01 ],
            [ 3.00000e+02, 2.882e-01 ],
            [ 4.00000e+02, 1.749e-01 ],
            [ 5.00000e+02, 1.274e-01 ],
            [ 6.00000e+02, 1.025e-01 ],
            [ 8.00000e+02, 7.710e-02 ],
            [ 1.00000e+03, 6.397e-02 ],
            [ 1.25000e+03, 5.439e-02 ],
            [ 1.50000e+03, 4.895e-02 ],
            [ 2.00000e+03, 4.347e-02 ],
            [ 3.00000e+03, 3.989e-02 ],
            [ 4.00000e+03, 3.944e-02 ],
            [ 5.00000e+03, 4.002e-02 ],
            [ 6.00000e+03, 4.101e-02 ],
            [ 8.00000e+03, 4.347e-02 ],
            [ 1.00000e+04, 4.609e-02 ],
            [ 1.50000e+04, 5.218e-02 ],
            [ 2.00000e+04, 5.700e-02 ]
        ]
    }
}
