{
    "density": 9.840e+00,
    "name": "Lutetium",
    "type-id": 30,
    "parameters": {
        "data": [
            [ 1.00000e+00, 3.187e+03 ],
            [ 1.50000e+00, 1.424e+03 ],
            [ 1.58849e+00, 1.264e+03 ],
            [ 1.58850e+00, 1.597e+03 ],
            [ 1.61375e+00, 2.302e+03 ],
            [ 1.63939e+00, 3.442e+03 ],
            [ 1.63940e+00, 3.935e+03 ],
            [ 2.00000e+00, 3.452e+03 ],
            [ 2.02359e+00, 3.352e+03 ],
            [ 2.02360e+00, 3.890e+03 ],
            [ 2.14019e+00, 3.397e+03 ],
            [ 2.26349e+00, 2.969e+03 ],
            [ 2.26350e+00, 3.155e+03 ],
            [ 2.37462e+00, 2.826e+03 ],
            [ 2.49119e+00, 2.531e+03 ],
            [ 2.49120e+00, 2.640e+03 ],
            [ 3.00000e+00, 1.710e+03 ],
            [ 4.00000e+00, 8.560e+02 ],
            [ 5.00000e+00, 4.934e+02 ],
            [ 6.00000e+00, 3.129e+02 ],
            [ 8.00000e+00, 1.513e+02 ],
            [ 9.24409e+00, 1.049e+02 ],
            [ 9.24410e+00, 2.703e+02 ],
            [ 1.00000e+01, 2.211e+02 ],
            [ 1.03485e+01, 2.019e+02 ],
            [ 1.03486e+01, 2.757e+02 ],
            [ 1.06063e+01, 2.676e+02 ],
            [ 1.08703e+01, 2.450e+02 ],
            [ 1.08704e+01, 2.826e+02 ],
            [ 1.50000e+01, 1.247e+02 ],
            [ 2.00000e+01, 5.881e+01 ],
            [ 3.00000e+01, 2.023e+01 ],
            [ 4.00000e+01, 9.472e+00 ],
            [ 5.00000e+01, 5.279e+00 ],
            [ 6.00000e+01, 3.297e+00 ],
            [ 6.33137e+01, 2.874e+00 ],
            [ 6.33138e+01, 1.305e+01 ],
            [ 8.00000e+01, 7.161e+00 ],
            [ 1.00000e+02, 4.033e+00 ],
            [ 1.50000e+02, 1.433e+00 ],
            [ 2.00000e+02, 7.130e-01 ],
            [ 3.00000e+02, 2.981e-01 ],
            [ 4.00000e+02, 1.799e-01 ],
            [ 5.00000e+02, 1.305e-01 ],
            [ 6.00000e+02, 1.046e-01 ],
            [ 8.00000e+02, 7.829e-02 ],
            [ 1.00000e+03, 6.478e-02 ],
            [ 1.25000e+03, 5.496e-02 ],
            [ 1.50000e+03, 4.941e-02 ],
            [ 2.00000e+03, 4.385e-02 ],
            [ 3.00000e+03, 4.028e-02 ],
            [ 4.00000e+03, 3.985e-02 ],
            [ 5.00000e+03, 4.045e-02 ],
            [ 6.00000e+03, 4.147e-02 ],
            [ 8.00000e+03, 4.398e-02 ],
            [ 1.00000e+04, 4.664e-02 ],
            [ 1.50000e+04, 5.282e-02 ],
            [ 2.00000e+04, 5.773e-02 ]
        ]
    }
}
