{
    "density": 1.331e+01,
    "name": "Hafnium",
    "type-id": 30,
    "parameters": {
        "data": [
            [ 1.00000e+00, 3.335e+03 ],
            [ 1.50000e+00, 1.489e+03 ],
            [ 1.66169e+00, 1.203e+03 ],
            [ 1.66170e+00, 1.505e+03 ],
            [ 1.68883e+00, 2.189e+03 ],
            [ 1.71639e+00, 3.273e+03 ],
            [ 1.71640e+00, 3.682e+03 ],
            [ 2.00000e+00, 3.598e+03 ],
            [ 2.10759e+00, 3.152e+03 ],
            [ 2.10760e+00, 3.659e+03 ],
            [ 2.23278e+00, 3.182e+03 ],
            [ 2.36539e+00, 2.769e+03 ],
            [ 2.36540e+00, 2.943e+03 ],
            [ 2.48036e+00, 2.637e+03 ],
            [ 2.60089e+00, 2.363e+03 ],
            [ 2.60090e+00, 2.465e+03 ],
            [ 3.00000e+00, 1.768e+03 ],
            [ 4.00000e+00, 8.859e+02 ],
            [ 5.00000e+00, 5.113e+02 ],
            [ 6.00000e+00, 3.244e+02 ],
            [ 8.00000e+00, 1.571e+02 ],
            [ 9.56069e+00, 9.997e+01 ],
            [ 9.56070e+00, 2.557e+02 ],
            [ 1.00000e+01, 2.301e+02 ],
            [ 1.07393e+01, 1.894e+02 ],
            [ 1.07394e+01, 2.589e+02 ],
            [ 1.10018e+01, 2.522e+02 ],
            [ 1.12706e+01, 2.306e+02 ],
            [ 1.12707e+01, 2.659e+02 ],
            [ 1.50000e+01, 1.290e+02 ],
            [ 2.00000e+01, 6.087e+01 ],
            [ 3.00000e+01, 2.098e+01 ],
            [ 4.00000e+01, 9.828e+00 ],
            [ 5.00000e+01, 5.478e+00 ],
            [ 6.00000e+01, 3.420e+00 ],
            [ 6.53507e+01, 2.751e+00 ],
            [ 6.53508e+01, 1.237e+01 ],
            [ 8.00000e+01, 7.352e+00 ],
            [ 1.00000e+02, 4.154e+00 ],
            [ 1.50000e+02, 1.477e+00 ],
            [ 2.00000e+02, 7.339e-01 ],
            [ 3.00000e+02, 3.054e-01 ],
            [ 4.00000e+02, 1.834e-01 ],
            [ 5.00000e+02, 1.324e-01 ],
            [ 6.00000e+02, 1.058e-01 ],
            [ 8.00000e+02, 7.880e-02 ],
            [ 1.00000e+03, 6.502e-02 ],
            [ 1.25000e+03, 5.505e-02 ],
            [ 1.50000e+03, 4.944e-02 ],
            [ 2.00000e+03, 4.387e-02 ],
            [ 3.00000e+03, 4.030e-02 ],
            [ 4.00000e+03, 3.989e-02 ],
            [ 5.00000e+03, 4.052e-02 ],
            [ 6.00000e+03, 4.155e-02 ],
            [ 8.00000e+03, 4.409e-02 ],
            [ 1.00000e+04, 4.677e-02 ],
            [ 1.50000e+04, 5.301e-02 ],
            [ 2.00000e+04, 5.796e-02 ]
        ]
    }
}
