{
    "density": 1.665e+01,
    "name": "Tantalum",
    "type-id": 30,
    "parameters": {
        "data": [
            [ 1.00000e+00, 3.510e+03 ],
            [ 1.50000e+00, 1.566e+03 ],
            [ 1.73509e+00, 1.154e+03 ],
            [ 1.73510e+00, 1.417e+03 ],
            [ 1.76391e+00, 2.053e+03 ],
            [ 1.79319e+00, 3.082e+03 ],
            [ 1.79320e+00, 3.421e+03 ],
            [ 2.00000e+00, 3.771e+03 ],
            [ 2.19399e+00, 2.985e+03 ],
            [ 2.19400e+00, 3.464e+03 ],
            [ 2.32730e+00, 3.003e+03 ],
            [ 2.46869e+00, 2.604e+03 ],
            [ 2.46870e+00, 2.768e+03 ],
            [ 2.58558e+00, 2.486e+03 ],
            [ 2.70799e+00, 2.233e+03 ],
            [ 2.70800e+00, 2.329e+03 ],
            [ 3.00000e+00, 1.838e+03 ],
            [ 4.00000e+00, 9.222e+02 ],
            [ 5.00000e+00, 5.328e+02 ],
            [ 6.00000e+00, 3.382e+02 ],
            [ 8.00000e+00, 1.639e+02 ],
            [ 9.88109e+00, 9.599e+01 ],
            [ 9.88110e+00, 2.443e+02 ],
            [ 1.00000e+01, 2.379e+02 ],
            [ 1.11360e+01, 1.791e+02 ],
            [ 1.11361e+01, 2.449e+02 ],
            [ 1.14055e+01, 2.393e+02 ],
            [ 1.16814e+01, 2.182e+02 ],
            [ 1.16815e+01, 2.518e+02 ],
            [ 1.50000e+01, 1.340e+02 ],
            [ 2.00000e+01, 6.334e+01 ],
            [ 3.00000e+01, 2.187e+01 ],
            [ 4.00000e+01, 1.025e+01 ],
            [ 5.00000e+01, 5.717e+00 ],
            [ 6.00000e+01, 3.569e+00 ],
            [ 6.74163e+01, 2.652e+00 ],
            [ 6.74164e+01, 1.180e+01 ],
            [ 8.00000e+01, 7.587e+00 ],
            [ 1.00000e+02, 4.302e+00 ],
            [ 1.50000e+02, 1.531e+00 ],
            [ 2.00000e+02, 7.598e-01 ],
            [ 3.00000e+02, 3.149e-01 ],
            [ 4.00000e+02, 1.881e-01 ],
            [ 5.00000e+02, 1.352e-01 ],
            [ 6.00000e+02, 1.076e-01 ],
            [ 8.00000e+02, 7.981e-02 ],
            [ 1.00000e+03, 6.567e-02 ],
            [ 1.25000e+03, 5.545e-02 ],
            [ 1.50000e+03, 4.977e-02 ],
            [ 2.00000e+03, 4.413e-02 ],
            [ 3.00000e+03, 4.057e-02 ],
            [ 4.00000e+03, 4.018e-02 ],
            [ 5.00000e+03, 4.082e-02 ],
            [ 6.00000e+03, 4.188e-02 ],
            [ 8.00000e+03, 4.446e-02 ],
            [ 1.00000e+04, 4.717e-02 ],
            [ 1.50000e+04, 5.350e-02 ],
            [ 2.00000e+04, 5.852e-02 ]
        ]
    }
}
