{
    "density": 1.930e+01,
    "name": "Tungsten",
    "type-id": 30,
    "parameters": {
        "data": [
            [ 1.00000e+00, 3.683e+03 ],
            [ 1.50000e+00, 1.643e+03 ],
            [ 1.80919e+00, 1.108e+03 ],
            [ 1.80920e+00, 1.327e+03 ],
            [ 1.84014e+00, 1.911e+03 ],
            [ 1.87159e+00, 2.901e+03 ],
            [ 1.87160e+00, 3.170e+03 ],
            [ 2.00000e+00, 3.922e+03 ],
            [ 2.28099e+00, 2.828e+03 ],
            [ 2.28100e+00, 3.279e+03 ],
            [ 2.42350e+00, 2.833e+03 ],
            [ 2.57489e+00, 2.445e+03 ],
            [ 2.57490e+00, 2.599e+03 ],
            [ 2.69447e+00, 2.339e+03 ],
            [ 2.81959e+00, 2.104e+03 ],
            [ 2.81960e+00, 2.194e+03 ],
            [ 3.00000e+00, 1.902e+03 ],
            [ 4.00000e+00, 9.564e+02 ],
            [ 5.00000e+00, 5.534e+02 ],
            [ 6.00000e+00, 3.514e+02 ],
            [ 8.00000e+00, 1.705e+02 ],
            [ 1.00000e+01, 9.691e+01 ],
            [ 1.02067e+01, 9.201e+01 ],
            [ 1.02068e+01, 2.334e+02 ],
            [ 1.08548e+01, 1.983e+02 ],
            [ 1.15439e+01, 1.689e+02 ],
            [ 1.15440e+01, 2.312e+02 ],
            [ 1.18186e+01, 2.268e+02 ],
            [ 1.20997e+01, 2.065e+02 ],
            [ 1.20998e+01, 2.382e+02 ],
            [ 1.50000e+01, 1.389e+02 ],
            [ 2.00000e+01, 6.573e+01 ],
            [ 3.00000e+01, 2.273e+01 ],
            [ 4.00000e+01, 1.067e+01 ],
            [ 5.00000e+01, 5.949e+00 ],
            [ 6.00000e+01, 3.713e+00 ],
            [ 6.95249e+01, 2.552e+00 ],
            [ 6.95250e+01, 1.123e+01 ],
            [ 8.00000e+01, 7.810e+00 ],
            [ 1.00000e+02, 4.438e+00 ],
            [ 1.50000e+02, 1.581e+00 ],
            [ 2.00000e+02, 7.844e-01 ],
            [ 3.00000e+02, 3.238e-01 ],
            [ 4.00000e+02, 1.925e-01 ],
            [ 5.00000e+02, 1.378e-01 ],
            [ 6.00000e+02, 1.093e-01 ],
            [ 8.00000e+02, 8.066e-02 ],
            [ 1.00000e+03, 6.618e-02 ],
            [ 1.25000e+03, 5.577e-02 ],
            [ 1.50000e+03, 5.000e-02 ],
            [ 2.00000e+03, 4.433e-02 ],
            [ 3.00000e+03, 4.075e-02 ],
            [ 4.00000e+03, 4.038e-02 ],
            [ 5.00000e+03, 4.103e-02 ],
            [ 6.00000e+03, 4.210e-02 ],
            [ 8.00000e+03, 4.472e-02 ],
            [ 1.00000e+04, 4.747e-02 ],
            [ 1.50000e+04, 5.384e-02 ],
            [ 2.00000e+04, 5.893e-02 ]
        ]
    }
}
