{
    "density": 2.102e+01,
    "name": "Rhenium",
    "type-id": 30,
    "parameters": {
        "data": [
            [ 1.00000e+00, 3.872e+03 ],
            [ 1.50000e+00, 1.729e+03 ],
            [ 1.82239e+00, 1.147e+03 ],
            [ 1.82240e+00, 1.152e+03 ],
            [ 1.88459e+00, 1.251e+03 ],
            [ 1.94889e+00, 2.689e+03 ],
            [ 1.94890e+00, 3.802e+03 ],
            [ 2.00000e+00, 3.773e+03 ],
            [ 2.36729e+00, 2.696e+03 ],
            [ 2.36730e+00, 3.124e+03 ],
            [ 2.51955e+00, 2.686e+03 ],
            [ 2.68159e+00, 2.309e+03 ],
            [ 2.68160e+00, 2.454e+03 ],
            [ 2.80386e+00, 2.210e+03 ],
            [ 2.93169e+00, 1.992e+03 ],
            [ 2.93170e+00, 2.078e+03 ],
            [ 3.00000e+00, 1.972e+03 ],
            [ 4.00000e+00, 9.943e+02 ],
            [ 5.00000e+00, 5.759e+02 ],
            [ 6.00000e+00, 3.660e+02 ],
            [ 8.00000e+00, 1.778e+02 ],
            [ 1.00000e+01, 1.011e+02 ],
            [ 1.05352e+01, 8.858e+01 ],
            [ 1.05353e+01, 2.234e+02 ],
            [ 1.12245e+01, 1.964e+02 ],
            [ 1.19586e+01, 1.600e+02 ],
            [ 1.19587e+01, 2.191e+02 ],
            [ 1.22394e+01, 2.079e+02 ],
            [ 1.25266e+01, 1.961e+02 ],
            [ 1.25267e+01, 2.262e+02 ],
            [ 1.50000e+01, 1.440e+02 ],
            [ 2.00000e+01, 6.835e+01 ],
            [ 3.00000e+01, 2.367e+01 ],
            [ 4.00000e+01, 1.112e+01 ],
            [ 5.00000e+01, 6.206e+00 ],
            [ 6.00000e+01, 3.872e+00 ],
            [ 7.16763e+01, 2.464e+00 ],
            [ 7.16764e+01, 1.073e+01 ],
            [ 8.00000e+01, 8.069e+00 ],
            [ 1.00000e+02, 4.587e+00 ],
            [ 1.50000e+02, 1.637e+00 ],
            [ 2.00000e+02, 8.119e-01 ],
            [ 3.00000e+02, 3.339e-01 ],
            [ 4.00000e+02, 1.976e-01 ],
            [ 5.00000e+02, 1.409e-01 ],
            [ 6.00000e+02, 1.114e-01 ],
            [ 8.00000e+02, 8.179e-02 ],
            [ 1.00000e+03, 6.688e-02 ],
            [ 1.25000e+03, 5.627e-02 ],
            [ 1.50000e+03, 5.038e-02 ],
            [ 2.00000e+03, 4.463e-02 ],
            [ 3.00000e+03, 4.105e-02 ],
            [ 4.00000e+03, 4.068e-02 ],
            [ 5.00000e+03, 4.137e-02 ],
            [ 6.00000e+03, 4.246e-02 ],
            [ 8.00000e+03, 4.511e-02 ],
            [ 1.00000e+04, 4.790e-02 ],
            [ 1.50000e+04, 5.437e-02 ],
            [ 2.00000e+04, 5.953e-02 ]
        ]
    }
}
