{
    "density": 2.257e+01,
    "name": "Osmium",
    "type-id": 30,
    "parameters": {
        "data": [
            [ 1.00000e+00, 4.032e+03 ],
            [ 1.50000e+00, 1.801e+03 ],
            [ 1.96009e+00, 1.023e+03 ],
            [ 1.96010e+00, 2.003e+03 ],
            [ 2.00000e+00, 2.218e+03 ],
            [ 2.03079e+00, 2.622e+03 ],
            [ 2.03080e+00, 2.864e+03 ],
            [ 2.23385e+00, 2.852e+03 ],
            [ 2.45719e+00, 2.546e+03 ],
            [ 2.45720e+00, 2.948e+03 ],
            [ 2.61935e+00, 2.524e+03 ],
            [ 2.79219e+00, 2.161e+03 ],
            [ 2.79220e+00, 2.296e+03 ],
            [ 3.00000e+00, 1.938e+03 ],
            [ 3.04849e+00, 1.869e+03 ],
            [ 3.04850e+00, 1.949e+03 ],
            [ 4.00000e+00, 1.023e+03 ],
            [ 5.00000e+00, 5.936e+02 ],
            [ 6.00000e+00, 3.776e+02 ],
            [ 8.00000e+00, 1.836e+02 ],
            [ 1.00000e+01, 1.045e+02 ],
            [ 1.08708e+01, 8.458e+01 ],
            [ 1.08709e+01, 2.121e+02 ],
            [ 1.16033e+01, 1.860e+02 ],
            [ 1.23849e+01, 1.503e+02 ],
            [ 1.23850e+01, 2.060e+02 ],
            [ 1.26731e+01, 1.956e+02 ],
            [ 1.29679e+01, 1.846e+02 ],
            [ 1.29680e+01, 2.129e+02 ],
            [ 1.50000e+01, 1.478e+02 ],
            [ 2.00000e+01, 7.039e+01 ],
            [ 3.00000e+01, 2.443e+01 ],
            [ 4.00000e+01, 1.149e+01 ],
            [ 5.00000e+01, 6.414e+00 ],
            [ 6.00000e+01, 4.002e+00 ],
            [ 7.38707e+01, 2.360e+00 ],
            [ 7.38708e+01, 1.016e+01 ],
            [ 8.00000e+01, 8.290e+00 ],
            [ 1.00000e+02, 4.696e+00 ],
            [ 1.50000e+02, 1.680e+00 ],
            [ 2.00000e+02, 8.327e-01 ],
            [ 3.00000e+02, 3.414e-01 ],
            [ 4.00000e+02, 2.011e-01 ],
            [ 5.00000e+02, 1.428e-01 ],
            [ 6.00000e+02, 1.125e-01 ],
            [ 8.00000e+02, 8.224e-02 ],
            [ 1.00000e+03, 6.705e-02 ],
            [ 1.25000e+03, 5.625e-02 ],
            [ 1.50000e+03, 5.034e-02 ],
            [ 2.00000e+03, 4.458e-02 ],
            [ 3.00000e+03, 4.100e-02 ],
            [ 4.00000e+03, 4.065e-02 ],
            [ 5.00000e+03, 4.134e-02 ],
            [ 6.00000e+03, 4.244e-02 ],
            [ 8.00000e+03, 4.511e-02 ],
            [ 1.00000e+04, 4.791e-02 ],
            [ 1.50000e+04, 5.442e-02 ],
            [ 2.00000e+04, 5.956e-02 ]
        ]
    }
}
