{
    "density": 2.242e+01,
    "name": "Iridium",
    "type-id": 30,
    "parameters": {
        "data": [
            [ 1.00000e+00, 4.243e+03 ],
            [ 1.50000e+00, 1.898e+03 ],
            [ 2.00000e+00, 1.032e+03 ],
            [ 2.04039e+00, 9.882e+02 ],
            [ 2.04040e+00, 1.066e+03 ],
            [ 2.07790e+00, 1.492e+03 ],
            [ 2.11609e+00, 2.478e+03 ],
            [ 2.11610e+00, 2.608e+03 ],
            [ 2.32326e+00, 2.621e+03 ],
            [ 2.55069e+00, 2.424e+03 ],
            [ 2.55070e+00, 2.800e+03 ],
            [ 2.72382e+00, 2.393e+03 ],
            [ 2.90869e+00, 2.041e+03 ],
            [ 2.90870e+00, 2.166e+03 ],
            [ 3.00000e+00, 2.011e+03 ],
            [ 3.17369e+00, 1.767e+03 ],
            [ 3.17370e+00, 1.843e+03 ],
            [ 4.00000e+00, 1.063e+03 ],
            [ 5.00000e+00, 6.178e+02 ],
            [ 6.00000e+00, 3.935e+02 ],
            [ 8.00000e+00, 1.914e+02 ],
            [ 1.00000e+01, 1.090e+02 ],
            [ 1.12153e+01, 8.155e+01 ],
            [ 1.12154e+01, 2.038e+02 ],
            [ 1.19928e+01, 1.702e+02 ],
            [ 1.28240e+01, 1.426e+02 ],
            [ 1.28241e+01, 1.959e+02 ],
            [ 1.31179e+01, 1.933e+02 ],
            [ 1.34184e+01, 1.756e+02 ],
            [ 1.34185e+01, 2.025e+02 ],
            [ 1.50000e+01, 1.530e+02 ],
            [ 2.00000e+01, 7.317e+01 ],
            [ 3.00000e+01, 2.546e+01 ],
            [ 4.00000e+01, 1.199e+01 ],
            [ 5.00000e+01, 6.693e+00 ],
            [ 6.00000e+01, 4.176e+00 ],
            [ 7.61109e+01, 2.284e+00 ],
            [ 7.61110e+01, 9.728e+00 ],
            [ 8.00000e+01, 8.585e+00 ],
            [ 1.00000e+02, 4.855e+00 ],
            [ 1.50000e+02, 1.740e+00 ],
            [ 2.00000e+02, 8.628e-01 ],
            [ 3.00000e+02, 3.525e-01 ],
            [ 4.00000e+02, 2.068e-01 ],
            [ 5.00000e+02, 1.463e-01 ],
            [ 6.00000e+02, 1.149e-01 ],
            [ 8.00000e+02, 8.357e-02 ],
            [ 1.00000e+03, 6.794e-02 ],
            [ 1.25000e+03, 5.688e-02 ],
            [ 1.50000e+03, 5.083e-02 ],
            [ 2.00000e+03, 4.501e-02 ],
            [ 3.00000e+03, 4.139e-02 ],
            [ 4.00000e+03, 4.104e-02 ],
            [ 5.00000e+03, 4.174e-02 ],
            [ 6.00000e+03, 4.286e-02 ],
            [ 8.00000e+03, 4.558e-02 ],
            [ 1.00000e+04, 4.844e-02 ],
            [ 1.50000e+04, 5.502e-02 ],
            [ 2.00000e+04, 6.024e-02 ]
        ]
    }
}
