{
    "density": 2.145e+01,
    "name": "Platinum",
    "type-id": 30,
    "parameters": {
        "data": [
            [ 1.00000e+00, 4.433e+03 ],
            [ 1.50000e+00, 1.986e+03 ],
            [ 2.00000e+00, 1.081e+03 ],
            [ 2.12159e+00, 9.506e+02 ],
            [ 2.12160e+00, 1.034e+03 ],
            [ 2.16138e+00, 1.431e+03 ],
            [ 2.20189e+00, 2.341e+03 ],
            [ 2.20190e+00, 2.487e+03 ],
            [ 2.41348e+00, 2.512e+03 ],
            [ 2.64539e+00, 2.307e+03 ],
            [ 2.64540e+00, 2.663e+03 ],
            [ 3.00000e+00, 1.965e+03 ],
            [ 3.02649e+00, 1.923e+03 ],
            [ 3.02650e+00, 2.041e+03 ],
            [ 3.15838e+00, 1.844e+03 ],
            [ 3.29599e+00, 1.671e+03 ],
            [ 3.29600e+00, 1.742e+03 ],
            [ 4.00000e+00, 1.100e+03 ],
            [ 5.00000e+00, 6.402e+02 ],
            [ 6.00000e+00, 4.083e+02 ],
            [ 8.00000e+00, 1.987e+02 ],
            [ 1.00000e+01, 1.132e+02 ],
            [ 1.15636e+01, 7.844e+01 ],
            [ 1.15637e+01, 1.946e+02 ],
            [ 1.23887e+01, 1.618e+02 ],
            [ 1.32725e+01, 1.349e+02 ],
            [ 1.32726e+01, 1.853e+02 ],
            [ 1.35729e+01, 1.848e+02 ],
            [ 1.38798e+01, 1.666e+02 ],
            [ 1.38799e+01, 1.921e+02 ],
            [ 1.50000e+01, 1.578e+02 ],
            [ 2.00000e+01, 7.574e+01 ],
            [ 3.00000e+01, 2.641e+01 ],
            [ 4.00000e+01, 1.245e+01 ],
            [ 5.00000e+01, 6.954e+00 ],
            [ 6.00000e+01, 4.339e+00 ],
            [ 7.83947e+01, 2.203e+00 ],
            [ 7.83948e+01, 9.301e+00 ],
            [ 8.00000e+01, 8.731e+00 ],
            [ 1.00000e+02, 4.993e+00 ],
            [ 1.50000e+02, 1.795e+00 ],
            [ 2.00000e+02, 8.896e-01 ],
            [ 3.00000e+02, 3.625e-01 ],
            [ 4.00000e+02, 2.118e-01 ],
            [ 5.00000e+02, 1.492e-01 ],
            [ 6.00000e+02, 1.168e-01 ],
            [ 8.00000e+02, 8.456e-02 ],
            [ 1.00000e+03, 6.857e-02 ],
            [ 1.25000e+03, 5.727e-02 ],
            [ 1.50000e+03, 5.112e-02 ],
            [ 2.00000e+03, 4.522e-02 ],
            [ 3.00000e+03, 4.160e-02 ],
            [ 4.00000e+03, 4.124e-02 ],
            [ 5.00000e+03, 4.196e-02 ],
            [ 6.00000e+03, 4.310e-02 ],
            [ 8.00000e+03, 4.584e-02 ],
            [ 1.00000e+04, 4.872e-02 ],
            [ 1.50000e+04, 5.537e-02 ],
            [ 2.00000e+04, 6.064e-02 ]
        ]
    }
}
