{
    "density": 1.932e+01,
    "name": "Gold",
    "type-id": 30,
    "parameters": {
        "data": [
            [ 1.00000e+00, 4.652e+03 ],
            [ 1.50000e+00, 2.089e+03 ],
            [ 2.00000e+00, 1.137e+03 ],
            [ 2.20569e+00, 9.187e+02 ],
            [ 2.20570e+00, 9.971e+02 ],
            [ 2.24799e+00, 1.386e+03 ],
            [ 2.29109e+00, 2.258e+03 ],
            [ 2.29110e+00, 2.389e+03 ],
            [ 2.50689e+00, 2.380e+03 ],
            [ 2.74299e+00, 2.203e+03 ],
            [ 2.74300e+00, 2.541e+03 ],
            [ 3.00000e+00, 2.049e+03 ],
            [ 3.14779e+00, 1.822e+03 ],
            [ 3.14780e+00, 1.933e+03 ],
            [ 3.28343e+00, 1.748e+03 ],
            [ 3.42489e+00, 1.585e+03 ],
            [ 3.42490e+00, 1.652e+03 ],
            [ 4.00000e+00, 1.144e+03 ],
            [ 5.00000e+00, 6.661e+02 ],
            [ 6.00000e+00, 4.253e+02 ],
            [ 8.00000e+00, 2.072e+02 ],
            [ 1.00000e+01, 1.181e+02 ],
            [ 1.19186e+01, 7.582e+01 ],
            [ 1.19187e+01, 1.870e+02 ],
            [ 1.27940e+01, 1.546e+02 ],
            [ 1.37335e+01, 1.283e+02 ],
            [ 1.37336e+01, 1.764e+02 ],
            [ 1.40398e+01, 1.766e+02 ],
            [ 1.43527e+01, 1.588e+02 ],
            [ 1.43528e+01, 1.830e+02 ],
            [ 1.50000e+01, 1.637e+02 ],
            [ 2.00000e+01, 7.883e+01 ],
            [ 3.00000e+01, 2.752e+01 ],
            [ 4.00000e+01, 1.298e+01 ],
            [ 5.00000e+01, 7.256e+00 ],
            [ 6.00000e+01, 4.528e+00 ],
            [ 8.00000e+01, 2.185e+00 ],
            [ 8.07248e+01, 2.137e+00 ],
            [ 8.07249e+01, 8.904e+00 ],
            [ 1.00000e+02, 5.158e+00 ],
            [ 1.50000e+02, 1.860e+00 ],
            [ 2.00000e+02, 9.214e-01 ],
            [ 3.00000e+02, 3.744e-01 ],
            [ 4.00000e+02, 2.180e-01 ],
            [ 5.00000e+02, 1.530e-01 ],
            [ 6.00000e+02, 1.194e-01 ],
            [ 8.00000e+02, 8.603e-02 ],
            [ 1.00000e+03, 6.953e-02 ],
            [ 1.25000e+03, 5.794e-02 ],
            [ 1.50000e+03, 5.167e-02 ],
            [ 2.00000e+03, 4.570e-02 ],
            [ 3.00000e+03, 4.201e-02 ],
            [ 4.00000e+03, 4.166e-02 ],
            [ 5.00000e+03, 4.239e-02 ],
            [ 6.00000e+03, 4.355e-02 ],
            [ 8.00000e+03, 4.633e-02 ],
            [ 1.00000e+04, 4.926e-02 ],
            [ 1.50000e+04, 5.598e-02 ],
            [ 2.00000e+04, 6.136e-02 ]
        ]
    }
}
