{
    "density": 1.355e+01,
    "name": "Mercury",
    "type-id": 30,
    "parameters": {
        "data": [
            [ 1.00000e+00, 4.830e+03 ],
            [ 1.50000e+00, 2.174e+03 ],
            [ 2.00000e+00, 1.184e+03 ],
            [ 2.29489e+00, 8.773e+02 ],
            [ 2.29490e+00, 9.925e+02 ],
            [ 2.33947e+00, 1.407e+03 ],
            [ 2.38489e+00, 2.151e+03 ],
            [ 2.38490e+00, 2.316e+03 ],
            [ 2.60577e+00, 2.257e+03 ],
            [ 2.84709e+00, 2.080e+03 ],
            [ 2.84710e+00, 2.400e+03 ],
            [ 3.00000e+00, 2.117e+03 ],
            [ 3.27849e+00, 1.704e+03 ],
            [ 3.27850e+00, 1.808e+03 ],
            [ 3.41712e+00, 1.638e+03 ],
            [ 3.56159e+00, 1.486e+03 ],
            [ 3.56160e+00, 1.549e+03 ],
            [ 4.00000e+00, 1.179e+03 ],
            [ 5.00000e+00, 6.869e+02 ],
            [ 6.00000e+00, 4.387e+02 ],
            [ 8.00000e+00, 2.140e+02 ],
            [ 1.00000e+01, 1.221e+02 ],
            [ 1.22838e+01, 7.266e+01 ],
            [ 1.22839e+01, 1.780e+02 ],
            [ 1.32113e+01, 1.464e+02 ],
            [ 1.42086e+01, 1.209e+02 ],
            [ 1.42087e+01, 1.663e+02 ],
            [ 1.45206e+01, 1.674e+02 ],
            [ 1.48392e+01, 1.501e+02 ],
            [ 1.48393e+01, 1.728e+02 ],
            [ 1.50000e+01, 1.681e+02 ],
            [ 2.00000e+01, 8.123e+01 ],
            [ 3.00000e+01, 2.841e+01 ],
            [ 4.00000e+01, 1.342e+01 ],
            [ 5.00000e+01, 7.504e+00 ],
            [ 6.00000e+01, 4.683e+00 ],
            [ 8.00000e+01, 2.259e+00 ],
            [ 8.31022e+01, 2.055e+00 ],
            [ 8.31023e+01, 8.464e+00 ],
            [ 1.00000e+02, 5.279e+00 ],
            [ 1.50000e+02, 1.909e+00 ],
            [ 2.00000e+02, 9.456e-01 ],
            [ 3.00000e+02, 3.834e-01 ],
            [ 4.00000e+02, 2.224e-01 ],
            [ 5.00000e+02, 1.555e-01 ],
            [ 6.00000e+02, 1.210e-01 ],
            [ 8.00000e+02, 8.679e-02 ],
            [ 1.00000e+03, 6.993e-02 ],
            [ 1.25000e+03, 5.814e-02 ],
            [ 1.50000e+03, 5.179e-02 ],
            [ 2.00000e+03, 4.575e-02 ],
            [ 3.00000e+03, 4.207e-02 ],
            [ 4.00000e+03, 4.172e-02 ],
            [ 5.00000e+03, 4.246e-02 ],
            [ 6.00000e+03, 4.362e-02 ],
            [ 8.00000e+03, 4.643e-02 ],
            [ 1.00000e+04, 4.937e-02 ],
            [ 1.50000e+04, 5.613e-02 ],
            [ 2.00000e+04, 6.154e-02 ]
        ]
    }
}
