{
    "density": 1.172e+01,
    "name": "Thallium",
    "type-id": 30,
    "parameters": {
        "data": [
            [ 1.00000e+00, 5.008e+03 ],
            [ 1.50000e+00, 2.259e+03 ],
            [ 2.00000e+00, 1.231e+03 ],
            [ 2.38929e+00, 8.352e+02 ],
            [ 2.38930e+00, 1.136e+03 ],
            [ 2.43673e+00, 1.582e+03 ],
            [ 2.48509e+00, 2.049e+03 ],
            [ 2.48510e+00, 2.364e+03 ],
            [ 2.71062e+00, 2.207e+03 ],
            [ 2.95659e+00, 1.958e+03 ],
            [ 2.95660e+00, 2.267e+03 ],
            [ 3.00000e+00, 2.188e+03 ],
            [ 3.41569e+00, 1.591e+03 ],
            [ 3.41570e+00, 1.687e+03 ],
            [ 3.55698e+00, 1.530e+03 ],
            [ 3.70409e+00, 1.392e+03 ],
            [ 3.70410e+00, 1.452e+03 ],
            [ 4.00000e+00, 1.212e+03 ],
            [ 5.00000e+00, 7.068e+02 ],
            [ 6.00000e+00, 4.518e+02 ],
            [ 8.00000e+00, 2.208e+02 ],
            [ 1.00000e+01, 1.260e+02 ],
            [ 1.26574e+01, 6.957e+01 ],
            [ 1.26575e+01, 1.693e+02 ],
            [ 1.36396e+01, 1.473e+02 ],
            [ 1.46978e+01, 1.139e+02 ],
            [ 1.46979e+01, 1.572e+02 ],
            [ 1.50000e+01, 1.497e+02 ],
            [ 1.53466e+01, 1.416e+02 ],
            [ 1.53467e+01, 1.632e+02 ],
            [ 2.00000e+01, 8.361e+01 ],
            [ 3.00000e+01, 2.929e+01 ],
            [ 4.00000e+01, 1.385e+01 ],
            [ 5.00000e+01, 7.751e+00 ],
            [ 6.00000e+01, 4.838e+00 ],
            [ 8.00000e+01, 2.332e+00 ],
            [ 8.55303e+01, 1.976e+00 ],
            [ 8.55304e+01, 8.046e+00 ],
            [ 1.00000e+02, 5.398e+00 ],
            [ 1.50000e+02, 1.957e+00 ],
            [ 2.00000e+02, 9.696e-01 ],
            [ 3.00000e+02, 3.923e-01 ],
            [ 4.00000e+02, 2.267e-01 ],
            [ 5.00000e+02, 1.580e-01 ],
            [ 6.00000e+02, 1.226e-01 ],
            [ 8.00000e+02, 8.751e-02 ],
            [ 1.00000e+03, 7.031e-02 ],
            [ 1.25000e+03, 5.832e-02 ],
            [ 1.50000e+03, 5.187e-02 ],
            [ 2.00000e+03, 4.581e-02 ],
            [ 3.00000e+03, 4.210e-02 ],
            [ 4.00000e+03, 4.175e-02 ],
            [ 5.00000e+03, 4.248e-02 ],
            [ 6.00000e+03, 4.366e-02 ],
            [ 8.00000e+03, 4.647e-02 ],
            [ 1.00000e+04, 4.943e-02 ],
            [ 1.50000e+04, 5.622e-02 ],
            [ 2.00000e+04, 6.162e-02 ]
        ]
    }
}
