{
    "density": 1.135e+01,
    "name": "Lead",
    "type-id": 30,
    "parameters": {
        "data": [
            [ 1.00000e+00, 5.210e+03 ],
            [ 1.50000e+00, 2.356e+03 ],
            [ 2.00000e+00, 1.285e+03 ],
            [ 2.48399e+00, 8.006e+02 ],
            [ 2.48400e+00, 1.397e+03 ],
            [ 2.53429e+00, 1.726e+03 ],
            [ 2.58559e+00, 1.944e+03 ],
            [ 2.58560e+00, 2.458e+03 ],
            [ 3.00000e+00, 1.965e+03 ],
            [ 3.06639e+00, 1.857e+03 ],
            [ 3.06640e+00, 2.146e+03 ],
            [ 3.30130e+00, 1.796e+03 ],
            [ 3.55419e+00, 1.496e+03 ],
            [ 3.55420e+00, 1.585e+03 ],
            [ 3.69948e+00, 1.442e+03 ],
            [ 3.85069e+00, 1.311e+03 ],
            [ 3.85070e+00, 1.368e+03 ],
            [ 4.00000e+00, 1.251e+03 ],
            [ 5.00000e+00, 7.304e+02 ],
            [ 6.00000e+00, 4.672e+02 ],
            [ 8.00000e+00, 2.287e+02 ],
            [ 1.00000e+01, 1.306e+02 ],
            [ 1.30351e+01, 6.701e+01 ],
            [ 1.30352e+01, 1.621e+02 ],
            [ 1.50000e+01, 1.116e+02 ],
            [ 1.51999e+01, 1.078e+02 ],
            [ 1.52000e+01, 1.485e+02 ],
            [ 1.55269e+01, 1.416e+02 ],
            [ 1.58607e+01, 1.344e+02 ],
            [ 1.58608e+01, 1.548e+02 ],
            [ 2.00000e+01, 8.636e+01 ],
            [ 3.00000e+01, 3.032e+01 ],
            [ 4.00000e+01, 1.436e+01 ],
            [ 5.00000e+01, 8.041e+00 ],
            [ 6.00000e+01, 5.021e+00 ],
            [ 8.00000e+01, 2.419e+00 ],
            [ 8.80044e+01, 1.910e+00 ],
            [ 8.80045e+01, 7.683e+00 ],
            [ 1.00000e+02, 5.549e+00 ],
            [ 1.50000e+02, 2.014e+00 ],
            [ 2.00000e+02, 9.985e-01 ],
            [ 3.00000e+02, 4.031e-01 ],
            [ 4.00000e+02, 2.323e-01 ],
            [ 5.00000e+02, 1.614e-01 ],
            [ 6.00000e+02, 1.248e-01 ],
            [ 8.00000e+02, 8.870e-02 ],
            [ 1.00000e+03, 7.102e-02 ],
            [ 1.25000e+03, 5.876e-02 ],
            [ 1.50000e+03, 5.222e-02 ],
            [ 2.00000e+03, 4.606e-02 ],
            [ 3.00000e+03, 4.234e-02 ],
            [ 4.00000e+03, 4.197e-02 ],
            [ 5.00000e+03, 4.272e-02 ],
            [ 6.00000e+03, 4.391e-02 ],
            [ 8.00000e+03, 4.675e-02 ],
            [ 1.00000e+04, 4.972e-02 ],
            [ 1.50000e+04, 5.658e-02 ],
            [ 2.00000e+04, 6.206e-02 ]
        ]
    }
}
