{
    "density": 9.747e+00,
    "name": "Bismuth",
    "type-id": 30,
    "parameters": {
        "data": [
            [ 1.00000e+00, 5.441e+03 ],
            [ 1.50000e+00, 2.468e+03 ],
            [ 2.00000e+00, 1.348e+03 ],
            [ 2.57959e+00, 7.724e+02 ],
            [ 2.57960e+00, 1.777e+03 ],
            [ 2.63305e+00, 1.850e+03 ],
            [ 2.68759e+00, 1.852e+03 ],
            [ 2.68760e+00, 2.576e+03 ],
            [ 3.00000e+00, 2.053e+03 ],
            [ 3.17689e+00, 1.774e+03 ],
            [ 3.17690e+00, 2.048e+03 ],
            [ 3.42677e+00, 1.707e+03 ],
            [ 3.69629e+00, 1.415e+03 ],
            [ 3.69630e+00, 1.498e+03 ],
            [ 3.84472e+00, 1.366e+03 ],
            [ 3.99909e+00, 1.243e+03 ],
            [ 3.99910e+00, 1.297e+03 ],
            [ 4.00000e+00, 1.296e+03 ],
            [ 5.00000e+00, 7.580e+02 ],
            [ 6.00000e+00, 4.855e+02 ],
            [ 8.00000e+00, 2.378e+02 ],
            [ 1.00000e+01, 1.360e+02 ],
            [ 1.34185e+01, 6.491e+01 ],
            [ 1.34186e+01, 1.560e+02 ],
            [ 1.50000e+01, 1.160e+02 ],
            [ 1.57110e+01, 1.027e+02 ],
            [ 1.57111e+01, 1.416e+02 ],
            [ 1.60457e+01, 1.351e+02 ],
            [ 1.63874e+01, 1.282e+02 ],
            [ 1.63875e+01, 1.478e+02 ],
            [ 2.00000e+01, 8.952e+01 ],
            [ 3.00000e+01, 3.152e+01 ],
            [ 4.00000e+01, 1.495e+01 ],
            [ 5.00000e+01, 8.379e+00 ],
            [ 6.00000e+01, 5.233e+00 ],
            [ 8.00000e+01, 2.522e+00 ],
            [ 9.05258e+01, 1.856e+00 ],
            [ 9.05259e+01, 7.380e+00 ],
            [ 1.00000e+02, 5.739e+00 ],
            [ 1.50000e+02, 2.082e+00 ],
            [ 2.00000e+02, 1.033e+00 ],
            [ 3.00000e+02, 4.163e-01 ],
            [ 4.00000e+02, 2.391e-01 ],
            [ 5.00000e+02, 1.656e-01 ],
            [ 6.00000e+02, 1.277e-01 ],
            [ 8.00000e+02, 9.036e-02 ],
            [ 1.00000e+03, 7.214e-02 ],
            [ 1.25000e+03, 5.955e-02 ],
            [ 1.50000e+03, 5.285e-02 ],
            [ 2.00000e+03, 4.659e-02 ],
            [ 3.00000e+03, 4.279e-02 ],
            [ 4.00000e+03, 4.242e-02 ],
            [ 5.00000e+03, 4.317e-02 ],
            [ 6.00000e+03, 4.437e-02 ],
            [ 8.00000e+03, 4.725e-02 ],
            [ 1.00000e+04, 5.025e-02 ],
            [ 1.50000e+04, 5.721e-02 ],
            [ 2.00000e+04, 6.276e-02 ]
        ]
    }
}
