{
    "density": 9.320e+00,
    "name": "Polonium",
    "type-id": 30,
    "parameters": {
        "data": [
            [ 1.00000e+00, 5.724e+03 ],
            [ 1.50000e+00, 2.604e+03 ],
            [ 2.00000e+00, 1.423e+03 ],
            [ 2.68299e+00, 7.482e+02 ],
            [ 2.68300e+00, 2.206e+03 ],
            [ 2.73990e+00, 1.941e+03 ],
            [ 2.79799e+00, 1.775e+03 ],
            [ 2.79800e+00, 2.711e+03 ],
            [ 3.00000e+00, 2.155e+03 ],
            [ 3.30189e+00, 1.693e+03 ],
            [ 3.30190e+00, 1.956e+03 ],
            [ 3.56733e+00, 1.622e+03 ],
            [ 3.85409e+00, 1.339e+03 ],
            [ 3.85410e+00, 1.419e+03 ],
            [ 4.00000e+00, 1.299e+03 ],
            [ 4.14939e+00, 1.190e+03 ],
            [ 4.14940e+00, 1.242e+03 ],
            [ 5.00000e+00, 7.931e+02 ],
            [ 6.00000e+00, 5.085e+02 ],
            [ 8.00000e+00, 2.494e+02 ],
            [ 1.00000e+01, 1.427e+02 ],
            [ 1.38137e+01, 6.337e+01 ],
            [ 1.38138e+01, 1.513e+02 ],
            [ 1.50000e+01, 1.219e+02 ],
            [ 1.62442e+01, 9.849e+01 ],
            [ 1.62443e+01, 1.361e+02 ],
            [ 1.65882e+01, 1.297e+02 ],
            [ 1.69392e+01, 1.232e+02 ],
            [ 1.69393e+01, 1.420e+02 ],
            [ 2.00000e+01, 9.352e+01 ],
            [ 3.00000e+01, 3.303e+01 ],
            [ 4.00000e+01, 1.569e+01 ],
            [ 5.00000e+01, 8.802e+00 ],
            [ 6.00000e+01, 5.499e+00 ],
            [ 8.00000e+01, 2.649e+00 ],
            [ 9.31049e+01, 1.820e+00 ],
            [ 9.31050e+01, 7.140e+00 ],
            [ 1.00000e+02, 5.991e+00 ],
            [ 1.50000e+02, 2.170e+00 ],
            [ 2.00000e+02, 1.078e+00 ],
            [ 3.00000e+02, 4.335e-01 ],
            [ 4.00000e+02, 2.483e-01 ],
            [ 5.00000e+02, 1.714e-01 ],
            [ 6.00000e+02, 1.318e-01 ],
            [ 8.00000e+02, 9.286e-02 ],
            [ 1.00000e+03, 7.391e-02 ],
            [ 1.25000e+03, 6.087e-02 ],
            [ 1.50000e+03, 5.394e-02 ],
            [ 2.00000e+03, 4.749e-02 ],
            [ 3.00000e+03, 4.362e-02 ],
            [ 4.00000e+03, 4.323e-02 ],
            [ 5.00000e+03, 4.399e-02 ],
            [ 6.00000e+03, 4.522e-02 ],
            [ 8.00000e+03, 4.816e-02 ],
            [ 1.00000e+04, 5.124e-02 ],
            [ 1.50000e+04, 5.835e-02 ],
            [ 2.00000e+04, 6.398e-02 ]
        ]
    }
}
