{
    "density": 1.000e+01,
    "name": "Astatine",
    "type-id": 30,
    "parameters": {
        "data": [
            [ 1.00000e+00, 5.868e+03 ],
            [ 1.02078e+00, 5.651e+03 ],
            [ 1.04199e+00, 5.435e+03 ],
            [ 1.04200e+00, 5.551e+03 ],
            [ 1.50000e+00, 2.731e+03 ],
            [ 2.00000e+00, 1.495e+03 ],
            [ 2.78669e+00, 7.225e+02 ],
            [ 2.78670e+00, 2.431e+03 ],
            [ 2.84705e+00, 1.928e+03 ],
            [ 2.90869e+00, 1.686e+03 ],
            [ 2.90870e+00, 2.763e+03 ],
            [ 3.00000e+00, 2.250e+03 ],
            [ 3.42599e+00, 1.614e+03 ],
            [ 3.42600e+00, 1.866e+03 ],
            [ 4.00000e+00, 1.275e+03 ],
            [ 4.00799e+00, 1.269e+03 ],
            [ 4.00800e+00, 1.345e+03 ],
            [ 4.15963e+00, 1.234e+03 ],
            [ 4.31699e+00, 1.126e+03 ],
            [ 4.31700e+00, 1.175e+03 ],
            [ 5.00000e+00, 8.251e+02 ],
            [ 6.00000e+00, 5.299e+02 ],
            [ 8.00000e+00, 2.601e+02 ],
            [ 1.00000e+01, 1.490e+02 ],
            [ 1.42134e+01, 6.162e+01 ],
            [ 1.42135e+01, 1.461e+02 ],
            [ 1.50000e+01, 1.279e+02 ],
            [ 1.67846e+01, 9.417e+01 ],
            [ 1.67847e+01, 1.302e+02 ],
            [ 1.71352e+01, 1.338e+02 ],
            [ 1.74929e+01, 1.181e+02 ],
            [ 1.74930e+01, 1.360e+02 ],
            [ 2.00000e+01, 9.704e+01 ],
            [ 3.00000e+01, 3.442e+01 ],
            [ 4.00000e+01, 1.638e+01 ],
            [ 5.00000e+01, 9.196e+00 ],
            [ 6.00000e+01, 5.748e+00 ],
            [ 8.00000e+01, 2.769e+00 ],
            [ 9.57298e+01, 1.777e+00 ],
            [ 9.57299e+01, 6.895e+00 ],
            [ 1.00000e+02, 6.174e+00 ],
            [ 1.50000e+02, 2.249e+00 ],
            [ 2.00000e+02, 1.118e+00 ],
            [ 3.00000e+02, 4.491e-01 ],
            [ 4.00000e+02, 2.565e-01 ],
            [ 5.00000e+02, 1.765e-01 ],
            [ 6.00000e+02, 1.354e-01 ],
            [ 8.00000e+02, 9.495e-02 ],
            [ 1.00000e+03, 7.538e-02 ],
            [ 1.25000e+03, 6.189e-02 ],
            [ 1.50000e+03, 5.479e-02 ],
            [ 2.00000e+03, 4.821e-02 ],
            [ 3.00000e+03, 4.424e-02 ],
            [ 4.00000e+03, 4.383e-02 ],
            [ 5.00000e+03, 4.461e-02 ],
            [ 6.00000e+03, 4.585e-02 ],
            [ 8.00000e+03, 4.883e-02 ],
            [ 1.00000e+04, 5.195e-02 ],
            [ 1.50000e+04, 5.918e-02 ],
            [ 2.00000e+04, 6.493e-02 ]
        ]
    }
}
