{
    "density": 9.066e-03,
    "name": "Radon",
    "type-id": 30,
    "parameters": {
        "data": [
            [ 1.00000e+00, 5.826e+03 ],
            [ 1.04738e+00, 5.354e+03 ],
            [ 1.09699e+00, 4.909e+03 ],
            [ 1.09700e+00, 5.013e+03 ],
            [ 1.50000e+00, 2.719e+03 ],
            [ 2.00000e+00, 1.490e+03 ],
            [ 2.89239e+00, 6.634e+02 ],
            [ 2.89240e+00, 2.319e+03 ],
            [ 3.00000e+00, 1.554e+03 ],
            [ 3.02149e+00, 1.524e+03 ],
            [ 3.02150e+00, 2.470e+03 ],
            [ 3.26957e+00, 1.867e+03 ],
            [ 3.53799e+00, 1.479e+03 ],
            [ 3.53800e+00, 1.710e+03 ],
            [ 4.00000e+00, 1.266e+03 ],
            [ 4.15899e+00, 1.148e+03 ],
            [ 4.15900e+00, 1.217e+03 ],
            [ 4.31748e+00, 1.112e+03 ],
            [ 4.48199e+00, 1.017e+03 ],
            [ 4.48200e+00, 1.061e+03 ],
            [ 5.00000e+00, 8.163e+02 ],
            [ 6.00000e+00, 5.240e+02 ],
            [ 8.00000e+00, 2.577e+02 ],
            [ 1.00000e+01, 1.477e+02 ],
            [ 1.46193e+01, 5.697e+01 ],
            [ 1.46194e+01, 1.344e+02 ],
            [ 1.50000e+01, 1.259e+02 ],
            [ 1.73370e+01, 8.557e+01 ],
            [ 1.73371e+01, 1.185e+02 ],
            [ 1.76895e+01, 1.225e+02 ],
            [ 1.80489e+01, 1.077e+02 ],
            [ 1.80490e+01, 1.241e+02 ],
            [ 2.00000e+01, 9.563e+01 ],
            [ 3.00000e+01, 3.408e+01 ],
            [ 4.00000e+01, 1.624e+01 ],
            [ 5.00000e+01, 9.125e+00 ],
            [ 6.00000e+01, 5.706e+00 ],
            [ 8.00000e+01, 2.749e+00 ],
            [ 9.84039e+01, 1.649e+00 ],
            [ 9.84040e+01, 6.371e+00 ],
            [ 1.00000e+02, 6.086e+00 ],
            [ 1.50000e+02, 2.215e+00 ],
            [ 2.00000e+02, 1.101e+00 ],
            [ 3.00000e+02, 4.420e-01 ],
            [ 4.00000e+02, 2.518e-01 ],
            [ 5.00000e+02, 1.728e-01 ],
            [ 6.00000e+02, 1.322e-01 ],
            [ 8.00000e+02, 9.230e-02 ],
            [ 1.00000e+03, 7.303e-02 ],
            [ 1.25000e+03, 5.984e-02 ],
            [ 1.50000e+03, 5.290e-02 ],
            [ 2.00000e+03, 4.649e-02 ],
            [ 3.00000e+03, 4.264e-02 ],
            [ 4.00000e+03, 4.224e-02 ],
            [ 5.00000e+03, 4.298e-02 ],
            [ 6.00000e+03, 4.418e-02 ],
            [ 8.00000e+03, 4.705e-02 ],
            [ 1.00000e+04, 5.007e-02 ],
            [ 1.50000e+04, 5.704e-02 ],
            [ 2.00000e+04, 6.260e-02 ]
        ]
    }
}
