{
    "density": 1.000e+01,
    "name": "Francium",
    "type-id": 30,
    "parameters": {
        "data": [
            [ 1.00000e+00, 6.238e+03 ],
            [ 1.07378e+00, 5.356e+03 ],
            [ 1.15299e+00, 4.673e+03 ],
            [ 1.15300e+00, 4.772e+03 ],
            [ 1.50000e+00, 2.846e+03 ],
            [ 2.00000e+00, 1.562e+03 ],
            [ 2.99989e+00, 6.414e+02 ],
            [ 2.99990e+00, 1.995e+03 ],
            [ 3.00000e+00, 1.994e+03 ],
            [ 3.13619e+00, 1.449e+03 ],
            [ 3.13620e+00, 2.255e+03 ],
            [ 3.38938e+00, 1.761e+03 ],
            [ 3.66299e+00, 1.415e+03 ],
            [ 3.66300e+00, 1.641e+03 ],
            [ 4.00000e+00, 1.322e+03 ],
            [ 4.32699e+00, 1.086e+03 ],
            [ 4.32700e+00, 1.153e+03 ],
            [ 4.48656e+00, 1.059e+03 ],
            [ 4.65199e+00, 9.666e+02 ],
            [ 4.65200e+00, 1.008e+03 ],
            [ 5.00000e+00, 8.489e+02 ],
            [ 6.00000e+00, 5.451e+02 ],
            [ 8.00000e+00, 2.684e+02 ],
            [ 1.00000e+01, 1.539e+02 ],
            [ 1.50000e+01, 5.573e+01 ],
            [ 1.50311e+01, 5.544e+01 ],
            [ 1.50312e+01, 1.304e+02 ],
            [ 1.64060e+01, 1.031e+02 ],
            [ 1.79064e+01, 8.184e+01 ],
            [ 1.79065e+01, 1.137e+02 ],
            [ 1.82691e+01, 1.179e+02 ],
            [ 1.86389e+01, 1.031e+02 ],
            [ 1.86390e+01, 1.187e+02 ],
            [ 2.00000e+01, 9.933e+01 ],
            [ 3.00000e+01, 3.550e+01 ],
            [ 4.00000e+01, 1.694e+01 ],
            [ 5.00000e+01, 9.525e+00 ],
            [ 6.00000e+01, 5.959e+00 ],
            [ 8.00000e+01, 2.871e+00 ],
            [ 1.00000e+02, 1.655e+00 ],
            [ 1.01136e+02, 1.610e+00 ],
            [ 1.01137e+02, 6.089e+00 ],
            [ 1.50000e+02, 2.295e+00 ],
            [ 2.00000e+02, 1.141e+00 ],
            [ 3.00000e+02, 4.577e-01 ],
            [ 4.00000e+02, 2.601e-01 ],
            [ 5.00000e+02, 1.780e-01 ],
            [ 6.00000e+02, 1.358e-01 ],
            [ 8.00000e+02, 9.444e-02 ],
            [ 1.00000e+03, 7.450e-02 ],
            [ 1.25000e+03, 6.087e-02 ],
            [ 1.50000e+03, 5.376e-02 ],
            [ 2.00000e+03, 4.721e-02 ],
            [ 3.00000e+03, 4.324e-02 ],
            [ 4.00000e+03, 4.283e-02 ],
            [ 5.00000e+03, 4.358e-02 ],
            [ 6.00000e+03, 4.479e-02 ],
            [ 8.00000e+03, 4.769e-02 ],
            [ 1.00000e+04, 5.077e-02 ],
            [ 1.50000e+04, 5.786e-02 ],
            [ 2.00000e+04, 6.350e-02 ]
        ]
    }
}
