{
    "density": 5.000e+00,
    "name": "Radium",
    "type-id": 30,
    "parameters": {
        "data": [
            [ 1.00000e+00, 6.201e+03 ],
            [ 1.02840e+00, 5.895e+03 ],
            [ 1.05759e+00, 5.602e+03 ],
            [ 1.05760e+00, 5.683e+03 ],
            [ 1.13049e+00, 5.019e+03 ],
            [ 1.20839e+00, 4.424e+03 ],
            [ 1.20840e+00, 4.516e+03 ],
            [ 1.50000e+00, 2.950e+03 ],
            [ 2.00000e+00, 1.620e+03 ],
            [ 3.00000e+00, 6.664e+02 ],
            [ 3.10489e+00, 6.169e+02 ],
            [ 3.10490e+00, 1.715e+03 ],
            [ 3.17584e+00, 1.506e+03 ],
            [ 3.24839e+00, 1.374e+03 ],
            [ 3.24840e+00, 2.039e+03 ],
            [ 3.50960e+00, 1.647e+03 ],
            [ 3.79179e+00, 1.342e+03 ],
            [ 3.79180e+00, 1.558e+03 ],
            [ 4.00000e+00, 1.367e+03 ],
            [ 4.48949e+00, 1.024e+03 ],
            [ 4.48950e+00, 1.086e+03 ],
            [ 4.65278e+00, 9.995e+02 ],
            [ 4.82199e+00, 9.129e+02 ],
            [ 4.82200e+00, 9.522e+02 ],
            [ 5.00000e+00, 8.741e+02 ],
            [ 6.00000e+00, 5.613e+02 ],
            [ 8.00000e+00, 2.769e+02 ],
            [ 1.00000e+01, 1.589e+02 ],
            [ 1.50000e+01, 5.760e+01 ],
            [ 1.54443e+01, 5.355e+01 ],
            [ 1.54444e+01, 1.253e+02 ],
            [ 1.68961e+01, 9.839e+01 ],
            [ 1.84842e+01, 7.766e+01 ],
            [ 1.84843e+01, 1.081e+02 ],
            [ 1.88568e+01, 1.126e+02 ],
            [ 1.92366e+01, 9.799e+01 ],
            [ 1.92367e+01, 1.128e+02 ],
            [ 2.00000e+01, 1.023e+02 ],
            [ 3.00000e+01, 3.664e+01 ],
            [ 4.00000e+01, 1.750e+01 ],
            [ 5.00000e+01, 9.850e+00 ],
            [ 6.00000e+01, 6.166e+00 ],
            [ 8.00000e+01, 2.971e+00 ],
            [ 1.00000e+02, 1.712e+00 ],
            [ 1.03921e+02, 1.560e+00 ],
            [ 1.03922e+02, 5.826e+00 ],
            [ 1.50000e+02, 2.355e+00 ],
            [ 2.00000e+02, 1.172e+00 ],
            [ 3.00000e+02, 4.696e-01 ],
            [ 4.00000e+02, 2.662e-01 ],
            [ 5.00000e+02, 1.817e-01 ],
            [ 6.00000e+02, 1.383e-01 ],
            [ 8.00000e+02, 9.579e-02 ],
            [ 1.00000e+03, 7.535e-02 ],
            [ 1.25000e+03, 6.141e-02 ],
            [ 1.50000e+03, 5.415e-02 ],
            [ 2.00000e+03, 4.751e-02 ],
            [ 3.00000e+03, 4.348e-02 ],
            [ 4.00000e+03, 4.304e-02 ],
            [ 5.00000e+03, 4.379e-02 ],
            [ 6.00000e+03, 4.500e-02 ],
            [ 8.00000e+03, 4.793e-02 ],
            [ 1.00000e+04, 5.102e-02 ],
            [ 1.50000e+04, 5.815e-02 ],
            [ 2.00000e+04, 6.383e-02 ]
        ]
    }
}
