{
    "density": 1.007e+01,
    "name": "Actinium",
    "type-id": 30,
    "parameters": {
        "data": [
            [ 1.00000e+00, 6.469e+03 ],
            [ 1.03923e+00, 6.034e+03 ],
            [ 1.07999e+00, 5.622e+03 ],
            [ 1.08000e+00, 5.702e+03 ],
            [ 1.17069e+00, 4.905e+03 ],
            [ 1.26899e+00, 4.203e+03 ],
            [ 1.26900e+00, 4.289e+03 ],
            [ 1.50000e+00, 3.082e+03 ],
            [ 2.00000e+00, 1.696e+03 ],
            [ 3.00000e+00, 6.981e+02 ],
            [ 3.21899e+00, 5.959e+02 ],
            [ 3.21900e+00, 1.537e+03 ],
            [ 3.29373e+00, 1.404e+03 ],
            [ 3.37019e+00, 1.307e+03 ],
            [ 3.37020e+00, 1.892e+03 ],
            [ 3.62962e+00, 1.564e+03 ],
            [ 3.90899e+00, 1.296e+03 ],
            [ 3.90900e+00, 1.504e+03 ],
            [ 4.00000e+00, 1.426e+03 ],
            [ 4.65599e+00, 9.745e+02 ],
            [ 4.65600e+00, 1.034e+03 ],
            [ 5.00000e+00, 8.687e+02 ],
            [ 5.00199e+00, 8.678e+02 ],
            [ 5.00200e+00, 9.051e+02 ],
            [ 6.00000e+00, 5.829e+02 ],
            [ 8.00000e+00, 2.878e+02 ],
            [ 1.00000e+01, 1.653e+02 ],
            [ 1.50000e+01, 6.002e+01 ],
            [ 1.58709e+01, 5.213e+01 ],
            [ 1.58710e+01, 1.214e+02 ],
            [ 1.74031e+01, 1.042e+02 ],
            [ 1.90831e+01, 7.426e+01 ],
            [ 1.90832e+01, 1.036e+02 ],
            [ 1.94579e+01, 1.079e+02 ],
            [ 1.98399e+01, 9.403e+01 ],
            [ 1.98400e+01, 1.082e+02 ],
            [ 2.00000e+01, 1.062e+02 ],
            [ 3.00000e+01, 3.811e+01 ],
            [ 4.00000e+01, 1.823e+01 ],
            [ 5.00000e+01, 1.027e+01 ],
            [ 6.00000e+01, 6.433e+00 ],
            [ 8.00000e+01, 3.100e+00 ],
            [ 1.00000e+02, 1.786e+00 ],
            [ 1.06755e+02, 1.525e+00 ],
            [ 1.06756e+02, 5.622e+00 ],
            [ 1.50000e+02, 2.434e+00 ],
            [ 2.00000e+02, 1.213e+00 ],
            [ 3.00000e+02, 4.859e-01 ],
            [ 4.00000e+02, 2.749e-01 ],
            [ 5.00000e+02, 1.872e-01 ],
            [ 6.00000e+02, 1.421e-01 ],
            [ 8.00000e+02, 9.804e-02 ],
            [ 1.00000e+03, 7.686e-02 ],
            [ 1.25000e+03, 6.251e-02 ],
            [ 1.50000e+03, 5.504e-02 ],
            [ 2.00000e+03, 4.822e-02 ],
            [ 3.00000e+03, 4.409e-02 ],
            [ 4.00000e+03, 4.363e-02 ],
            [ 5.00000e+03, 4.438e-02 ],
            [ 6.00000e+03, 4.560e-02 ],
            [ 8.00000e+03, 4.856e-02 ],
            [ 1.00000e+04, 5.171e-02 ],
            [ 1.50000e+04, 5.895e-02 ],
            [ 2.00000e+04, 6.473e-02 ]
        ]
    }
}
