{
    "density": 1.172e+01,
    "name": "Thorium",
    "type-id": 30,
    "parameters": {
        "data": [
            [ 1.00000e+00, 6.614e+03 ],
            [ 1.08088e+00, 5.747e+03 ],
            [ 1.16829e+00, 4.976e+03 ],
            [ 1.16830e+00, 5.048e+03 ],
            [ 1.24630e+00, 4.463e+03 ],
            [ 1.32949e+00, 3.937e+03 ],
            [ 1.32950e+00, 4.017e+03 ],
            [ 1.50000e+00, 3.161e+03 ],
            [ 2.00000e+00, 1.742e+03 ],
            [ 3.00000e+00, 7.180e+02 ],
            [ 3.33199e+00, 5.671e+02 ],
            [ 3.33200e+00, 1.394e+03 ],
            [ 3.41048e+00, 1.304e+03 ],
            [ 3.49079e+00, 1.226e+03 ],
            [ 3.49080e+00, 1.749e+03 ],
            [ 4.00000e+00, 1.253e+03 ],
            [ 4.04609e+00, 1.217e+03 ],
            [ 4.04610e+00, 1.415e+03 ],
            [ 4.42089e+00, 1.137e+03 ],
            [ 4.83039e+00, 9.103e+02 ],
            [ 4.83040e+00, 9.655e+02 ],
            [ 5.00000e+00, 8.878e+02 ],
            [ 5.18229e+00, 8.129e+02 ],
            [ 5.18230e+00, 8.477e+02 ],
            [ 6.00000e+00, 5.945e+02 ],
            [ 8.00000e+00, 2.939e+02 ],
            [ 1.00000e+01, 1.689e+02 ],
            [ 1.50000e+01, 6.141e+01 ],
            [ 1.63002e+01, 4.991e+01 ],
            [ 1.63003e+01, 1.156e+02 ],
            [ 1.79166e+01, 9.924e+01 ],
            [ 1.96931e+01, 6.984e+01 ],
            [ 1.96932e+01, 9.527e+01 ],
            [ 2.00000e+01, 9.368e+01 ],
            [ 2.04720e+01, 8.851e+01 ],
            [ 2.04721e+01, 1.018e+02 ],
            [ 3.00000e+01, 3.892e+01 ],
            [ 4.00000e+01, 1.865e+01 ],
            [ 5.00000e+01, 1.052e+01 ],
            [ 6.00000e+01, 6.592e+00 ],
            [ 8.00000e+01, 3.178e+00 ],
            [ 1.00000e+02, 1.830e+00 ],
            [ 1.09650e+02, 1.465e+00 ],
            [ 1.09651e+02, 5.336e+00 ],
            [ 1.50000e+02, 2.472e+00 ],
            [ 2.00000e+02, 1.234e+00 ],
            [ 3.00000e+02, 4.939e-01 ],
            [ 4.00000e+02, 2.789e-01 ],
            [ 5.00000e+02, 1.895e-01 ],
            [ 6.00000e+02, 1.435e-01 ],
            [ 8.00000e+02, 9.861e-02 ],
            [ 1.00000e+03, 7.709e-02 ],
            [ 1.25000e+03, 6.251e-02 ],
            [ 1.50000e+03, 5.498e-02 ],
            [ 2.00000e+03, 4.812e-02 ],
            [ 3.00000e+03, 4.396e-02 ],
            [ 4.00000e+03, 4.347e-02 ],
            [ 5.00000e+03, 4.421e-02 ],
            [ 6.00000e+03, 4.542e-02 ],
            [ 8.00000e+03, 4.836e-02 ],
            [ 1.00000e+04, 5.149e-02 ],
            [ 1.50000e+04, 5.871e-02 ],
            [ 2.00000e+04, 6.447e-02 ]
        ]
    }
}
