{
    "density": 1.537e+01,
    "name": "Protactinium",
    "type-id": 30,
    "parameters": {
        "data": [
            [ 1.00000e+00, 6.530e+03 ],
            [ 1.00334e+00, 6.490e+03 ],
            [ 1.00669e+00, 6.451e+03 ],
            [ 1.00670e+00, 6.868e+03 ],
            [ 1.11018e+00, 5.755e+03 ],
            [ 1.22429e+00, 4.794e+03 ],
            [ 1.22430e+00, 4.863e+03 ],
            [ 1.30316e+00, 4.311e+03 ],
            [ 1.38709e+00, 3.815e+03 ],
            [ 1.38710e+00, 3.891e+03 ],
            [ 1.50000e+00, 3.327e+03 ],
            [ 2.00000e+00, 1.834e+03 ],
            [ 3.00000e+00, 7.558e+02 ],
            [ 3.44179e+00, 5.548e+02 ],
            [ 3.44180e+00, 1.363e+03 ],
            [ 3.52548e+00, 1.266e+03 ],
            [ 3.61119e+00, 1.185e+03 ],
            [ 3.61120e+00, 1.695e+03 ],
            [ 4.00000e+00, 1.315e+03 ],
            [ 4.17379e+00, 1.182e+03 ],
            [ 4.17380e+00, 1.374e+03 ],
            [ 5.00000e+00, 8.759e+02 ],
            [ 5.00089e+00, 8.755e+02 ],
            [ 5.00090e+00, 9.288e+02 ],
            [ 5.18067e+00, 8.514e+02 ],
            [ 5.36689e+00, 7.810e+02 ],
            [ 5.36690e+00, 8.144e+02 ],
            [ 6.00000e+00, 6.217e+02 ],
            [ 8.00000e+00, 3.074e+02 ],
            [ 1.00000e+01, 1.769e+02 ],
            [ 1.50000e+01, 6.442e+01 ],
            [ 1.67330e+01, 4.903e+01 ],
            [ 1.67331e+01, 1.130e+02 ],
            [ 2.00000e+01, 7.025e+01 ],
            [ 2.03136e+01, 6.747e+01 ],
            [ 2.03137e+01, 9.452e+01 ],
            [ 2.07054e+01, 8.995e+01 ],
            [ 2.11045e+01, 8.576e+01 ],
            [ 2.11046e+01, 9.861e+01 ],
            [ 3.00000e+01, 4.077e+01 ],
            [ 4.00000e+01, 1.957e+01 ],
            [ 5.00000e+01, 1.105e+01 ],
            [ 6.00000e+01, 6.929e+00 ],
            [ 8.00000e+01, 3.342e+00 ],
            [ 1.00000e+02, 1.924e+00 ],
            [ 1.12600e+02, 1.445e+00 ],
            [ 1.12601e+02, 5.198e+00 ],
            [ 1.50000e+02, 2.575e+00 ],
            [ 2.00000e+02, 1.288e+00 ],
            [ 3.00000e+02, 5.152e-01 ],
            [ 4.00000e+02, 2.904e-01 ],
            [ 5.00000e+02, 1.969e-01 ],
            [ 6.00000e+02, 1.487e-01 ],
            [ 8.00000e+02, 1.018e-01 ],
            [ 1.00000e+03, 7.937e-02 ],
            [ 1.25000e+03, 6.420e-02 ],
            [ 1.50000e+03, 5.637e-02 ],
            [ 2.00000e+03, 4.927e-02 ],
            [ 3.00000e+03, 4.496e-02 ],
            [ 4.00000e+03, 4.445e-02 ],
            [ 5.00000e+03, 4.519e-02 ],
            [ 6.00000e+03, 4.641e-02 ],
            [ 8.00000e+03, 4.943e-02 ],
            [ 1.00000e+04, 5.261e-02 ],
            [ 1.50000e+04, 6.000e-02 ],
            [ 2.00000e+04, 6.592e-02 ]
        ]
    }
}
