{
    "density": 1.895e+01,
    "name": "Uranium",
    "type-id": 30,
    "parameters": {
        "data": [
            [ 1.00000e+00, 6.626e+03 ],
            [ 1.02220e+00, 6.375e+03 ],
            [ 1.04489e+00, 6.127e+03 ],
            [ 1.04490e+00, 6.519e+03 ],
            [ 1.15314e+00, 5.446e+03 ],
            [ 1.27259e+00, 4.526e+03 ],
            [ 1.27260e+00, 4.589e+03 ],
            [ 1.35409e+00, 4.065e+03 ],
            [ 1.44079e+00, 3.598e+03 ],
            [ 1.44080e+00, 3.668e+03 ],
            [ 1.50000e+00, 3.382e+03 ],
            [ 2.00000e+00, 1.865e+03 ],
            [ 3.00000e+00, 7.692e+02 ],
            [ 3.55169e+00, 5.257e+02 ],
            [ 3.55170e+00, 1.266e+03 ],
            [ 3.63859e+00, 1.188e+03 ],
            [ 3.72759e+00, 1.112e+03 ],
            [ 3.72760e+00, 1.582e+03 ],
            [ 4.00000e+00, 1.329e+03 ],
            [ 4.30339e+00, 1.110e+03 ],
            [ 4.30340e+00, 1.292e+03 ],
            [ 5.00000e+00, 8.891e+02 ],
            [ 5.18219e+00, 8.118e+02 ],
            [ 5.18220e+00, 8.611e+02 ],
            [ 5.36198e+00, 7.915e+02 ],
            [ 5.54799e+00, 7.282e+02 ],
            [ 5.54800e+00, 7.592e+02 ],
            [ 6.00000e+00, 6.284e+02 ],
            [ 8.00000e+00, 3.108e+02 ],
            [ 1.00000e+01, 1.791e+02 ],
            [ 1.50000e+01, 6.528e+01 ],
            [ 1.71662e+01, 4.663e+01 ],
            [ 1.71663e+01, 1.070e+02 ],
            [ 2.00000e+01, 7.106e+01 ],
            [ 2.09475e+01, 6.300e+01 ],
            [ 2.09476e+01, 8.838e+01 ],
            [ 2.13487e+01, 9.515e+01 ],
            [ 2.17573e+01, 8.023e+01 ],
            [ 2.17574e+01, 9.222e+01 ],
            [ 3.00000e+01, 4.128e+01 ],
            [ 4.00000e+01, 1.983e+01 ],
            [ 5.00000e+01, 1.121e+01 ],
            [ 6.00000e+01, 7.035e+00 ],
            [ 8.00000e+01, 3.395e+00 ],
            [ 1.00000e+02, 1.954e+00 ],
            [ 1.15605e+02, 1.378e+00 ],
            [ 1.15606e+02, 4.893e+00 ],
            [ 1.50000e+02, 2.591e+00 ],
            [ 2.00000e+02, 1.298e+00 ],
            [ 3.00000e+02, 5.192e-01 ],
            [ 4.00000e+02, 2.922e-01 ],
            [ 5.00000e+02, 1.976e-01 ],
            [ 6.00000e+02, 1.490e-01 ],
            [ 8.00000e+02, 1.016e-01 ],
            [ 1.00000e+03, 7.896e-02 ],
            [ 1.25000e+03, 6.370e-02 ],
            [ 1.50000e+03, 5.587e-02 ],
            [ 2.00000e+03, 4.878e-02 ],
            [ 3.00000e+03, 4.447e-02 ],
            [ 4.00000e+03, 4.392e-02 ],
            [ 5.00000e+03, 4.463e-02 ],
            [ 6.00000e+03, 4.583e-02 ],
            [ 8.00000e+03, 4.879e-02 ],
            [ 1.00000e+04, 5.195e-02 ],
            [ 1.50000e+04, 5.927e-02 ],
            [ 2.00000e+04, 6.512e-02 ]
        ]
    }
}
